probeID,CpG_chrm,CpG_beg,b,ch,ez,su,pr
cg24812837,chr10,101134362.0,101134362,chr10,586.9191284179688,683.094970703125,635.0070495605469
cg25266629,chr10,101134390.0,101134390,chr10,548.5048217773438,687.01123046875,617.7580261230469
cg04273871,chr10,101134469.0,101134469,chr10,544.1934814453125,671.8014526367188,607.9974670410156
cg07915434,chr10,101134584.0,101134584,chr10,560.4013671875,621.8855590820312,591.1434631347656
cg07416656,chr10,101134683.0,101134683,chr10,576.305419921875,597.4310913085938,586.8682556152344
cg22167789,chr19,1754780.0,1754780,chr19,519.1365966796875,642.9708251953125,581.0537109375
cg08487063,chr10,101134881.0,101134881,chr10,510.0555419921875,620.0964965820312,565.0760192871094
cg12646649,chr10,101227499.0,101227499,chr10,484.7354431152344,616.0153198242188,550.3753814697266
cg00260634,chr2,218982510.0,218982510,chr2,506.527099609375,590.6654052734375,548.5962524414062
cg11727383,chr10,101228631.0,101228631,chr10,477.2555236816406,616.8859252929688,547.0707244873047
cg04130185,chr10,101228493.0,101228493,chr10,498.0144958496094,594.3851928710938,546.1998443603516
cg25079102,chr12,114405629.0,114405629,chr12,474.2699890136719,611.7522583007812,543.0111236572266
cg12118269,chr10,101134222.0,101134222,chr10,506.527099609375,578.8108520507812,542.6689758300781
cg12634080,chr13,27975784.0,27975784,chr13,498.56719970703125,583.186767578125,540.8769836425781
cg19547319,chr10,101228235.0,101228235,chr10,493.716064453125,583.8173828125,538.7667236328125
cg02086493,chr17,48597970.0,48597970,chr17,452.09869384765625,616.4556884765625,534.2771911621094
cg06368184,chr21,36697115.0,36697115,chr21,458.3132629394531,593.9385375976562,526.1259002685547
cg14374861,chr10,101228336.0,101228336,chr10,459.68157958984375,590.7651977539062,525.223388671875
cg25542041,chr9,122219807.0,122219807,chr9,446.8619384765625,602.5177001953125,524.6898193359375
cg03465513,chr13,27975908.0,27975908,chr13,462.5446472167969,582.8897094726562,522.7171783447266
cg14346873,chr8,26043660.0,26043660,chr8,468.8243103027344,564.477294921875,516.6508026123047
cg05889234,chr10,101223307.0,101223307,chr10,470.4027404785156,562.10791015625,516.2553253173828
cg25916711,chr5,173233076.0,173233076,chr5,488.87322998046875,542.57666015625,515.7249450683594
cg03053579,chr10,101227725.0,101227725,chr10,495.1675109863281,531.2597045898438,513.2136077880859
cg26830038,chr2,218982202.0,218982202,chr2,453.546875,572.8287353515625,513.1878051757812
cg04691173,chr10,99535168.0,99535168,chr10,461.0280456542969,563.8880004882812,512.4580230712891
cg02084669,chr14,74240656.0,74240656,chr14,449.1866149902344,559.860107421875,504.5233612060547
cg19923650,chr5,173232726.0,173232726,chr5,481.06396484375,525.5079345703125,503.28594970703125
cg19229344,chr10,99534885.0,99534885,chr10,448.4109191894531,556.9172973632812,502.6641082763672
cg17727929,chr21,36697037.0,36697037,chr21,441.50482177734375,555.8028564453125,498.6538391113281
cg24641276,chr5,171316710.0,171316710,chr5,470.543212890625,526.7314453125,498.6373291015625
cg26986541,chr7,155451351.0,155451351,chr7,464.88690185546875,530.8413696289062,497.8641357421875
cg00889398,chr13,27927951.0,27927951,chr13,464.4615783691406,529.9024047851562,497.18199157714844
cg08283882,chr8,26043500.0,26043500,chr8,428.3672180175781,564.7622680664062,496.5647430419922
cg08985029,chr12,114405490.0,114405490,chr12,461.82861328125,528.6903076171875,495.25946044921875
cg08848140,chr9,122219738.0,122219738,chr9,399.84014892578125,589.2072143554688,494.523681640625
cg03843000,chr12,114409162.0,114409162,chr12,467.1711730957031,521.8594970703125,494.5153350830078
cg23980730,chr19,1749504.0,1749504,chr19,498.7764892578125,489.360107421875,494.06829833984375
cg06795527,chr7,27205398.0,27205398,chr7,452.0758056640625,535.99658203125,494.03619384765625
cg08151857,chr17,48614457.0,48614457,chr17,449.8125,536.3572387695312,493.0848693847656
cg16249035,chr12,114405684.0,114405684,chr12,416.3789367675781,569.7269897460938,493.05296325683594
cg23108709,chr2,218982413.0,218982413,chr2,452.0628662109375,532.7772216796875,492.4200439453125
cg04975330,chr10,99535220.0,99535220,chr10,450.4282531738281,533.86083984375,492.14454650878906
cg04362586,chr2,45004642.0,45004642,chr2,415.3598327636719,562.9642944335938,489.1620635986328
cg25856018,chr10,101132121.0,101132121,chr10,463.5586853027344,514.4830932617188,489.02088928222656
cg10143067,chr10,117132911.0,117132911,chr10,428.4418640136719,547.7421264648438,488.0919952392578
cg00741609,chr10,101134167.0,101134167,chr10,452.3941345214844,522.3294677734375,487.36180114746094
cg14784847,chr3,128490408.0,128490408,chr3,420.93890380859375,550.9876708984375,485.9632873535156
cg13808674,chr3,128490475.0,128490475,chr3,424.8069152832031,546.2615356445312,485.5342254638672
cg21538208,chr4,4862760.0,4862760,chr4,435.6622314453125,532.7772216796875,484.2197265625
cg13795948,chr9,130663355.0,130663355,chr9,454.0137023925781,512.5523681640625,483.2830352783203
cg09408917,chr21,36697020.0,36697020,chr21,424.3641052246094,541.082275390625,482.7231903076172
cg26809635,chr12,53961302.0,53961302,chr12,454.12310791015625,507.7073059082031,480.9152069091797
cg03078269,chr12,53961189.0,53961189,chr12,421.7470397949219,538.1864013671875,479.9667205810547
cg07664005,chr5,173244064.0,173244064,chr5,409.9867248535156,548.7540283203125,479.37037658691406
cg23358612,chr7,1235621.0,1235621,chr7,417.7244567871094,539.0969848632812,478.4107208251953
cg04422562,chr7,155454474.0,155454474,chr7,420.9151306152344,534.96826171875,477.9416961669922
cg05829782,chr14,74241207.0,74241207,chr14,452.5496520996094,502.9366455078125,477.74314880371094
cg23528705,chr7,1235615.0,1235615,chr7,411.9183654785156,542.4982299804688,477.2082977294922
cg06721255,chr12,114441071.0,114441071,chr12,416.2960510253906,537.8673095703125,477.08168029785156
cg14344102,chr6,99606940.0,99606940,chr6,444.764404296875,509.2945251464844,477.0294647216797
cg10512745,chr1,50418807.0,50418807,chr1,433.857666015625,519.1548461914062,476.5062561035156
cg11665991,chr1,50427796.0,50427796,chr1,396.6524658203125,554.3916015625,475.52203369140625
cg01072217,chr7,1235846.0,1235846,chr7,414.3182067871094,536.5570678710938,475.43763732910156
cg03964958,chr2,176099991.0,176099991,chr2,400.0301818847656,550.430908203125,475.2305450439453
cg22459630,chr15,67828689.0,67828689,chr15,447.3215637207031,503.1083068847656,475.2149353027344
cg00579292,chr6,99607162.0,99607162,chr6,445.6407775878906,504.0680847167969,474.85443115234375
cg19122389,chr20,21706739.0,21706739,chr20,437.3103332519531,512.2814331054688,474.79588317871094
cg05603527,chr2,70904498.0,70904498,chr2,454.894775390625,492.21136474609375,473.5530700683594
cg26946259,chr2,118841968.0,118841968,chr2,442.68206787109375,503.2452392578125,472.9636535644531
cg10759602,chr6,1393439.0,1393439,chr6,422.3609924316406,523.4248046875,472.8928985595703
cg06911121,chr12,114409358.0,114409358,chr12,428.4230041503906,515.5355224609375,471.97926330566406
cg13349346,chr13,27976051.0,27976051,chr13,434.721435546875,508.5946960449219,471.65806579589844
cg10999413,chr10,101132373.0,101132373,chr10,440.30523681640625,502.5450439453125,471.4251403808594
cg20194314,chr13,27928922.0,27928922,chr13,419.39337158203125,523.2625122070312,471.32794189453125
cg16871763,chr8,11680399.0,11680399,chr8,451.1560363769531,489.63421630859375,470.39512634277344
cg00153106,chr5,173244557.0,173244557,chr5,424.3641052246094,516.4088134765625,470.38645935058594
cg02115599,chr7,27204944.0,27204944,chr7,417.18206787109375,520.2263793945312,468.7042236328125
cg04227922,chr2,118857919.0,118857919,chr2,444.7751770019531,492.4588928222656,468.6170349121094
cg00982919,chr9,124012983.0,124012983,chr9,450.1308288574219,486.52880859375,468.32981872558594
cg24801587,chr7,155451405.0,155451405,chr7,425.4381408691406,511.1309509277344,468.2845458984375
cg19341977,chr15,76340471.0,76340471,chr15,459.18365478515625,475.051025390625,467.1173400878906
cg05769349,chr12,114409237.0,114409237,chr12,425.18896484375,505.32977294921875,465.2593688964844
cg03807298,chr5,174732035.0,174732035,chr5,428.287841796875,499.6313781738281,463.95960998535156
cg12815918,chr13,27924406.0,27924406,chr13,423.52374267578125,502.6723327636719,463.09803771972656
cg20457275,chr6,1393835.0,1393835,chr6,413.89813232421875,509.8213806152344,461.85975646972656
cg16509851,chr4,173509462.0,173509462,chr4,419.2516784667969,503.5202941894531,461.385986328125
cg15382095,chr17,39606113.0,39606113,chr17,390.2297058105469,530.2274169921875,460.2285614013672
cg03219908,chr5,173232508.0,173232508,chr5,455.1958923339844,463.2903747558594,459.2431335449219
cg26551913,chr10,100748528.0,100748528,chr10,437.9177551269531,479.80706787109375,458.86241149902344
cg10029186,chr4,173509619.0,173509619,chr4,388.7998962402344,528.627197265625,458.7135467529297
cg18705773,chr5,171316559.0,171316559,chr5,423.1764221191406,491.32965087890625,457.25303649902344
cg22108469,chr5,174731980.0,174731980,chr5,422.497802734375,491.90118408203125,457.1994934082031
cg21545862,chr5,174732290.0,174732290,chr5,392.7375183105469,517.99658203125,455.36705017089844
cg20987938,chr7,155451453.0,155451453,chr7,408.7450256347656,501.9718322753906,455.3584289550781
cg03465861,chr15,76338318.0,76338318,chr15,389.713623046875,519.6900024414062,454.7018127441406
cg02288088,chr2,118858028.0,118858028,chr2,412.21258544921875,496.93975830078125,454.576171875
cg10606834,chr17,61454835.0,61454835,chr17,409.27215576171875,499.7147521972656,454.4934539794922
cg09854003,chr5,171316454.0,171316454,chr5,432.0447082519531,476.7872619628906,454.4159851074219
cg03742238,chr4,41746658.0,41746658,chr4,365.6412658691406,543.0582275390625,454.34974670410156
cg19971388,chr8,11702265.0,11702265,chr8,430.4957580566406,476.8165588378906,453.6561584472656
cg22511262,chr11,32433645.0,32433645,chr11,378.70404052734375,527.8594970703125,453.2817687988281
cg23342516,chr9,130663505.0,130663505,chr9,416.3514404296875,489.2951354980469,452.8232879638672
cg08465346,chr12,54047673.0,54047673,chr12,415.4587097167969,490.1105041503906,452.78460693359375
cg26099134,chr6,100449432.0,100449432,chr6,391.8394470214844,513.6446533203125,452.74205017089844
cg16749235,chr8,26043905.0,26043905,chr8,394.0875549316406,511.04541015625,452.5664825439453
cg13398482,chr9,93952973.0,93952973,chr9,392.3836669921875,512.5523681640625,452.468017578125
cg03774514,chr20,22583063.0,22583063,chr20,432.3861999511719,471.64141845703125,452.01380920410156
cg12221475,chr6,1390386.0,1390386,chr6,383.8428649902344,519.761474609375,451.8021697998047
cg22578843,chr13,27921460.0,27921460,chr13,428.27978515625,475.1278076171875,451.70379638671875
cg14290904,chr14,36517379.0,36517379,chr14,371.47869873046875,530.475341796875,450.9770202636719
cg08351004,chr2,172100921.0,172100921,chr2,423.3880615234375,477.85833740234375,450.6231994628906
cg21147648,chr15,67826625.0,67826625,chr15,406.1772766113281,493.6850280761719,449.93115234375
cg04109923,chr13,27921462.0,27921462,chr13,427.31866455078125,470.75433349609375,449.0364990234375
cg05060949,chr7,157005886.0,157005886,chr7,437.48773193359375,460.2626647949219,448.8751983642578
cg21908235,chr1,147080194.0,147080194,chr1,408.1229553222656,489.1444396972656,448.6336975097656
cg02400433,chr6,99607110.0,99607110,chr6,391.01422119140625,506.1798400878906,448.59703063964844
cg01336781,chr8,23705668.0,23705668,chr8,409.95794677734375,485.6078186035156,447.7828826904297
cg21227848,chr8,11702286.0,11702286,chr8,424.31488037109375,469.7293701171875,447.0221252441406
cg14754787,chr17,36942302.0,36942302,chr17,416.6552734375,476.209228515625,446.4322509765625
cg00588871,chr17,39599244.0,39599244,chr17,401.1123962402344,490.72857666015625,445.9204864501953
cg23306464,chr4,4866628.0,4866628,chr4,439.5354919433594,451.3833923339844,445.4594421386719
cg24306982,chr1,119006688.0,119006688,chr1,408.02227783203125,480.1587829589844,444.0905303955078
cg25356457,chr10,101223657.0,101223657,chr10,416.8087158203125,470.7226867675781,443.7657012939453
cg19697981,chr6,108166615.0,108166615,chr6,400.7514343261719,485.9747314453125,443.3630828857422
cg11813976,chr8,26043818.0,26043818,chr8,415.8779602050781,470.7226867675781,443.3003234863281
cg23754392,chr10,22322524.0,22322524,chr10,416.3514404296875,470.1080322265625,443.229736328125
cg05462543,chr7,155459020.0,155459020,chr7,420.947021484375,465.11688232421875,443.0319519042969
cg16764637,chr7,27155111.0,27155111,chr7,399.857421875,486.12432861328125,442.9908752441406
cg00143249,chr7,157006115.0,157006115,chr7,417.5916748046875,467.8556823730469,442.7236785888672
cg09887284,chr12,53994362.0,53994362,chr12,425.18896484375,459.7135314941406,442.4512481689453
cg03404143,chr10,101227215.0,101227215,chr10,443.2469482421875,440.4937744140625,441.870361328125
cg12544191,chr5,173244750.0,173244750,chr5,423.0335998535156,459.6914978027344,441.362548828125
cg05560435,chr5,173244522.0,173244522,chr5,407.5235900878906,475.1279602050781,441.3257751464844
cg14639163,chr2,218873806.0,218873806,chr2,380.7457275390625,501.4344482421875,441.090087890625
cg05514256,chr2,45004751.0,45004751,chr2,378.32562255859375,503.0690612792969,440.6973419189453
cg22627293,chr1,50427553.0,50427553,chr1,397.6552734375,482.29644775390625,439.9758605957031
cg24983523,chr13,27921500.0,27921500,chr13,416.2439270019531,462.0837707519531,439.1638488769531
cg05402599,chr2,218982073.0,218982073,chr2,381.36480712890625,496.6317443847656,438.99827575683594
cg08985063,chr4,4865072.0,4865072,chr4,414.4173278808594,463.2903747558594,438.8538513183594
cg09554509,chr7,27199290.0,27199290,chr7,405.0827941894531,472.0137634277344,438.54827880859375
cg02344820,chr7,155374815.0,155374815,chr7,388.7192077636719,487.60101318359375,438.1601104736328
cg03874199,chr2,176099727.0,176099727,chr2,407.9181213378906,467.51043701171875,437.7142791748047
cg23267759,chr18,22171373.0,22171373,chr18,417.3549499511719,457.14569091796875,437.2503204345703
cg11513700,chr7,27205676.0,27205676,chr7,390.5733642578125,483.6197814941406,437.09657287597656
cg20637609,chr17,48747648.0,48747648,chr17,386.58953857421875,486.12432861328125,436.35693359375
cg25738714,chr1,50427985.0,50427985,chr1,389.2492370605469,483.1180725097656,436.18365478515625
cg16605327,chr12,114409043.0,114409043,chr12,360.1982116699219,511.9189453125,436.05857849121094
cg21046967,chr17,39606201.0,39606201,chr17,383.43072509765625,488.6518859863281,436.0413055419922
cg13476854,chr1,119006639.0,119006639,chr1,402.5536804199219,469.52667236328125,436.04017639160156
cg20557801,chr15,67828838.0,67828838,chr15,399.5733337402344,472.0400390625,435.8066864013672
cg16303918,chr2,218983805.0,218983805,chr2,389.92498779296875,481.13616943359375,435.53057861328125
cg20175390,chr2,118841882.0,118841882,chr2,419.6878967285156,450.5129089355469,435.10040283203125
cg16202340,chr4,4866111.0,4866111,chr4,420.43719482421875,449.58941650390625,435.0133056640625
cg08694680,chr19,1754700.0,1754700,chr19,364.62017822265625,505.1260986328125,434.8731384277344
cg00756451,chr12,114404894.0,114404894,chr12,378.69097900390625,490.7868957519531,434.7389373779297
cg27009703,chr7,27165274.0,27165274,chr7,406.4205322265625,461.60626220703125,434.0133972167969
cg02694427,chr2,176099783.0,176099783,chr2,400.5047912597656,467.376220703125,433.9405059814453
cg22541735,chr2,176123474.0,176123474,chr2,401.64031982421875,465.4891052246094,433.56471252441406
cg16092786,chr11,32434188.0,32434188,chr11,404.99029541015625,461.5904235839844,433.2903594970703
cg22730140,chr5,173233992.0,173233992,chr5,410.3471374511719,455.5777587890625,432.9624481201172
cg08190858,chr12,53927561.0,53927561,chr12,355.32147216796875,510.43792724609375,432.87969970703125
cg23493510,chr17,49971910.0,49971910,chr17,406.5227966308594,459.1997985839844,432.8612976074219
cg09792881,chr1,50418871.0,50418871,chr1,356.5878601074219,508.9507751464844,432.7693176269531
cg08248516,chr7,27155125.0,27155125,chr7,385.01470947265625,479.6985778808594,432.3566436767578
cg25456468,chr12,54000331.0,54000331,chr12,370.5369873046875,493.9271240234375,432.2320556640625
cg27533288,chr10,117137264.0,117137264,chr10,331.3150329589844,532.5966186523438,431.95582580566406
cg05247305,chr8,11680252.0,11680252,chr8,405.4580993652344,457.9232482910156,431.690673828125
cg20552282,chr20,21706089.0,21706089,chr20,398.5929870605469,464.38140869140625,431.48719787597656
cg05395403,chr13,27922503.0,27922503,chr13,402.632568359375,459.7152404785156,431.1739044189453
cg02550231,chr13,27968149.0,27968149,chr13,390.5733642578125,471.251220703125,430.91229248046875
cg14236662,chr2,176123555.0,176123555,chr2,402.06744384765625,459.6028747558594,430.8351593017578
cg01354473,chr7,27165183.0,27165183,chr7,394.6839599609375,464.7647705078125,429.724365234375
cg06566775,chr5,135041081.0,135041081,chr5,390.2275085449219,468.43389892578125,429.33070373535156
cg02730156,chr21,36697649.0,36697649,chr21,347.3162841796875,510.6822814941406,428.99928283691406
cg18022224,chr2,176099675.0,176099675,chr2,393.2900390625,464.38885498046875,428.8394470214844
cg00196414,chr2,176083035.0,176083035,chr2,396.1815185546875,461.3072204589844,428.74436950683594
cg27213509,chr2,176082499.0,176082499,chr2,340.87274169921875,516.607666015625,428.7402038574219
cg22320962,chr8,11702789.0,11702789,chr8,338.2423400878906,518.8445434570312,428.54344177246094
cg20874827,chr12,53994323.0,53994323,chr12,408.6048889160156,448.1678466796875,428.38636779785156
cg14878520,chr7,157009455.0,157009455,chr7,390.7051086425781,465.84796142578125,428.2765350341797
cg20416110,chr10,100748683.0,100748683,chr10,399.5733337402344,456.505859375,428.0395965576172
cg13368519,chr1,50427476.0,50427476,chr1,392.71636962890625,462.6963195800781,427.7063446044922
cg00927495,chr9,93953404.0,93953404,chr9,405.4580993652344,448.6639099121094,427.0610046386719
cg16530959,chr8,96159990.0,96159990,chr8,403.44110107421875,450.5091247558594,426.97511291503906
cg20430077,chr10,101223755.0,101223755,chr10,399.7100524902344,454.2069091796875,426.95848083496094
cg00157572,chr14,60511242.0,60511242,chr14,412.43145751953125,440.1046447753906,426.26805114746094
cg08431536,chr2,222297174.0,222297174,chr2,414.35516357421875,437.0458068847656,425.7004852294922
cg10108372,chr7,157018667.0,157018667,chr7,403.1771545410156,448.1678466796875,425.67250061035156
cg16135698,chr17,48747816.0,48747816,chr17,385.12139892578125,465.8302001953125,425.4757995605469
cg11453719,chr13,27977914.0,27977914,chr13,410.7779235839844,439.8276062011719,425.3027648925781
cg05917508,chr13,27968296.0,27968296,chr13,392.5067138671875,458.0484619140625,425.277587890625
cg23660896,chr17,36938921.0,36938921,chr17,372.3393249511719,478.1328430175781,425.236083984375
cg00170620,chr16,56635125.0,56635125,chr16,384.6927185058594,465.2307434082031,424.96173095703125
cg01486262,chr1,50427394.0,50427394,chr1,382.10174560546875,467.5810241699219,424.8413848876953
cg07213036,chr13,27968589.0,27968589,chr13,408.9403381347656,440.1874694824219,424.56390380859375
cg25829490,chr2,176124063.0,176124063,chr2,406.2477722167969,442.715576171875,424.48167419433594
cg08914623,chr11,44306021.0,44306021,chr11,358.6517028808594,490.1105041503906,424.381103515625
cg02885007,chr2,176122876.0,176122876,chr2,386.9612731933594,461.3072204589844,424.1342468261719
cg03224572,chr8,96159783.0,96159783,chr8,360.82269287109375,487.1142272949219,423.9684600830078
cg16670554,chr15,67826646.0,67826646,chr15,378.7811279296875,468.8584289550781,423.8197784423828
cg02060566,chr12,114441148.0,114441148,chr12,392.2903747558594,455.0538330078125,423.67210388183594
cg02322373,chr2,70907393.0,70907393,chr2,386.32269287109375,459.6914978027344,423.00709533691406
cg10823473,chr15,76338172.0,76338172,chr15,363.75616455078125,482.07965087890625,422.91790771484375
cg10617784,chr2,70907455.0,70907455,chr2,379.72161865234375,465.6838684082031,422.70274353027344
cg23130254,chr2,176099859.0,176099859,chr2,370.9615783691406,474.2801818847656,422.6208801269531
cg10572355,chr1,119006521.0,119006521,chr1,409.84814453125,433.4456787109375,421.64691162109375
cg04935434,chr2,176160218.0,176160218,chr2,367.7940673828125,475.24749755859375,421.5207824707031
cg12598338,chr13,27794034.0,27794034,chr13,395.1849060058594,447.67608642578125,421.4304962158203
cg20072171,chr3,62371286.0,62371286,chr3,364.8655090332031,477.7137451171875,421.2896270751953
cg03881663,chr13,27921035.0,27921035,chr13,399.5733337402344,442.6800231933594,421.1266784667969
cg02728483,chr2,172100352.0,172100352,chr2,384.6589050292969,457.54888916015625,421.10389709472656
cg08174373,chr10,101229496.0,101229496,chr10,365.9277038574219,475.8608703613281,420.894287109375
cg21201099,chr17,61405084.0,61405084,chr17,378.762939453125,462.285400390625,420.524169921875
cg19498960,chr21,36704969.0,36704969,chr21,366.11468505859375,474.2331848144531,420.17393493652344
cg02245378,chr2,222297051.0,222297051,chr2,381.4400634765625,458.89471435546875,420.1673889160156
cg20938699,chr17,36939668.0,36939668,chr17,365.2718811035156,474.9651184082031,420.1184997558594
cg07687548,chr2,172100551.0,172100551,chr2,360.1575622558594,479.6885986328125,419.92308044433594
cg07852231,chr2,70889507.0,70889507,chr2,338.03009033203125,501.7646789550781,419.8973846435547
cg00299972,chr10,101132770.0,101132770,chr10,405.5461730957031,434.2342224121094,419.89019775390625
cg01620617,chr2,70901162.0,70901162,chr2,380.0060729980469,459.02484130859375,419.5154571533203
cg25771271,chr1,119007567.0,119007567,chr1,364.53057861328125,473.8849792480469,419.20777893066406
cg05143116,chr15,76340744.0,76340744,chr15,370.4570617675781,467.8556823730469,419.1563720703125
cg12699286,chr12,54000409.0,54000409,chr12,365.4203186035156,472.33953857421875,418.8799285888672
cg19290410,chr12,114409632.0,114409632,chr12,398.605712890625,439.1409606933594,418.8733367919922
cg11273947,chr15,67828418.0,67828418,chr15,446.3721923828125,391.03692626953125,418.7045593261719
cg07589612,chr8,96159439.0,96159439,chr8,404.4843444824219,432.33831787109375,418.4113311767578
cg08066129,chr21,36704957.0,36704957,chr21,362.5103454589844,474.1126403808594,418.3114929199219
cg03383382,chr6,108166301.0,108166301,chr6,362.95703125,473.5855407714844,418.2712860107422
cg07615087,chr21,36705046.0,36705046,chr21,351.03826904296875,485.35931396484375,418.19879150390625
cg14823851,chr17,61454944.0,61454944,chr17,382.37896728515625,453.7776184082031,418.0782928466797
cg06817516,chr15,45112697.0,45112697,chr15,384.2554016113281,451.8932189941406,418.0743103027344
cg16732616,chr1,50421109.0,50421109,chr1,357.3575744628906,478.56109619140625,417.95933532714844
cg17451609,chr8,26044352.0,26044352,chr8,361.21661376953125,474.4969482421875,417.8567810058594
cg07492258,chr19,1748825.0,1748825,chr19,383.2264404296875,452.0715026855469,417.6489715576172
cg01277331,chr2,218884036.0,218884036,chr2,312.298583984375,522.8016357421875,417.55010986328125
cg12558966,chr4,4865218.0,4865218,chr4,386.29412841796875,448.7640075683594,417.52906799316406
cg13694867,chr21,36699799.0,36699799,chr21,342.0657043457031,492.5777587890625,417.3217315673828
cg10883303,chr7,27199404.0,27199404,chr7,367.9189453125,466.1777648925781,417.04835510253906
cg12673103,chr5,135029026.0,135029026,chr5,353.976806640625,479.2254638671875,416.60113525390625
cg21152177,chr21,36699849.0,36699849,chr21,343.5201416015625,488.9877014160156,416.25392150878906
cg14485809,chr10,101229501.0,101229501,chr10,364.10943603515625,468.22747802734375,416.16845703125
cg11398452,chr10,117137243.0,117137243,chr10,324.2145690917969,508.1142272949219,416.1643981933594
cg04989913,chr14,60648413.0,60648413,chr14,368.0408935546875,464.06439208984375,416.0526428222656
cg02721000,chr12,54047428.0,54047428,chr12,374.7921447753906,456.88739013671875,415.8397674560547
cg24398479,chr7,27152441.0,27152441,chr7,353.2473449707031,478.38909912109375,415.81822204589844
cg16063747,chr10,117534661.0,117534661,chr10,375.044921875,456.5492248535156,415.7970733642578
cg18475643,chr1,46490823.0,46490823,chr1,392.7806701660156,438.09564208984375,415.4381561279297
cg01621054,chr9,130662890.0,130662890,chr9,398.6366882324219,431.45294189453125,415.04481506347656
cg01937068,chr1,156436556.0,156436556,chr1,410.5260925292969,419.0521240234375,414.7891082763672
cg10739556,chr7,27152436.0,27152436,chr7,360.5126647949219,468.90374755859375,414.7082061767578
cg13490403,chr9,122220133.0,122220133,chr9,364.6990051269531,464.5057678222656,414.6023864746094
cg24500832,chr12,54000427.0,54000427,chr12,367.79364013671875,461.3072204589844,414.55043029785156
cg22974236,chr4,4866251.0,4866251,chr4,358.9125671386719,469.0794372558594,413.9960021972656
cg18002447,chr17,61405594.0,61405594,chr17,383.2743835449219,444.63336181640625,413.95387268066406
cg17305266,chr6,1391029.0,1391029,chr6,389.8009948730469,437.8467102050781,413.8238525390625
cg11981599,chr8,11709016.0,11709016,chr8,361.7375793457031,465.79791259765625,413.7677459716797
cg02577108,chr17,61400832.0,61400832,chr17,370.83172607421875,456.0411376953125,413.4364318847656
cg22158650,chr7,27251768.0,27251768,chr7,326.94140625,499.5901184082031,413.26576232910156
cg12238015,chr13,27922674.0,27922674,chr13,381.6447448730469,444.72918701171875,413.1869659423828
cg12999453,chr17,61404957.0,61404957,chr17,408.68212890625,417.60504150390625,413.1435852050781
cg05021643,chr2,176164879.0,176164879,chr2,374.7921447753906,451.1852722167969,412.98870849609375
cg14127859,chr9,93954645.0,93954645,chr9,348.7670593261719,477.15338134765625,412.96022033691406
cg08363794,chr2,176121731.0,176121731,chr2,379.8603210449219,445.9270324707031,412.8936767578125
cg14861089,chr10,101135285.0,101135285,chr10,378.27642822265625,447.3548278808594,412.8156280517578
cg03758181,chr10,101229567.0,101229567,chr10,331.0028991699219,494.472900390625,412.73789978027344
cg00089224,chr5,135033425.0,135033425,chr5,350.22357177734375,475.24749755859375,412.73553466796875
cg26266708,chr15,76338620.0,76338620,chr15,359.69427490234375,464.1177062988281,411.90599060058594
cg21707187,chr12,53952077.0,53952077,chr12,361.5677185058594,461.60845947265625,411.5880889892578
cg20615879,chr10,101132633.0,101132633,chr10,423.8553161621094,399.314208984375,411.5847625732422
cg12938068,chr13,27975560.0,27975560,chr13,391.4020080566406,431.04791259765625,411.22496032714844
cg17200768,chr13,27929235.0,27929235,chr13,378.4349365234375,443.89349365234375,411.1642150878906
cg10500512,chr20,22583402.0,22583402,chr20,370.74578857421875,451.1852722167969,410.9655303955078
cg18787548,chr12,53994626.0,53994626,chr12,362.41876220703125,459.1759033203125,410.7973327636719
cg18616175,chr20,40692832.0,40692832,chr20,384.38604736328125,437.1650390625,410.7755432128906
cg03714110,chr5,93587916.0,93587916,chr5,394.30194091796875,427.1332092285156,410.7175750732422
cg01830023,chr5,135038748.0,135038748,chr5,339.5746154785156,481.83740234375,410.7060089111328
cg19793376,chr9,132587134.0,132587134,chr9,367.7439270019531,453.5755310058594,410.65972900390625
cg25191628,chr1,50421276.0,50421276,chr1,374.3558044433594,446.8380432128906,410.596923828125
cg04455430,chr1,50421247.0,50421247,chr1,356.5130615234375,464.6651611328125,410.589111328125
cg08379586,chr8,11702941.0,11702941,chr8,388.79791259765625,432.1024475097656,410.45018005371094
cg18811550,chr7,27158691.0,27158691,chr7,375.1343994140625,445.7391052246094,410.43675231933594
cg15507321,chr10,101229571.0,101229571,chr10,329.22576904296875,491.29217529296875,410.25897216796875
cg18083114,chr4,13537474.0,13537474,chr4,384.0341796875,435.705078125,409.86962890625
cg16666329,chr5,77636700.0,77636700,chr5,393.8174133300781,425.04107666015625,409.4292449951172
cg22061628,chr2,172101451.0,172101451,chr2,355.2097473144531,463.4889831542969,409.349365234375
cg10454937,chr9,93952764.0,93952764,chr9,364.33734130859375,454.3475646972656,409.3424530029297
cg07572579,chr15,67823719.0,67823719,chr15,388.1492614746094,429.7155456542969,408.9324035644531
cg13847589,chr13,27980686.0,27980686,chr13,343.1396789550781,474.4918518066406,408.8157653808594
cg02017718,chr12,54047270.0,54047270,chr12,378.662841796875,438.3059387207031,408.48439025878906
cg12626956,chr9,77019592.0,77019592,chr9,347.64703369140625,468.9768981933594,408.3119659423828
cg23434413,chr17,48613343.0,48613343,chr17,351.32257080078125,465.17559814453125,408.24908447265625
cg24155384,chr7,157018339.0,157018339,chr7,370.0730285644531,445.61468505859375,407.84385681152344
cg13492692,chr9,124015393.0,124015393,chr9,363.5666198730469,451.70556640625,407.63609313964844
cg09339763,chr4,173531460.0,173531460,chr4,368.6690368652344,446.22088623046875,407.44496154785156
cg01890984,chr15,67823853.0,67823853,chr15,374.3604431152344,440.5007629394531,407.43060302734375
cg03413097,chr7,157018727.0,157018727,chr7,368.99456787109375,445.7138977050781,407.35423278808594
cg17744293,chr1,50425279.0,50425279,chr1,377.4654235839844,437.08966064453125,407.2775421142578
cg25591794,chr13,27980704.0,27980704,chr13,344.1102294921875,470.0979919433594,407.10411071777344
cg17803868,chr7,155458204.0,155458204,chr7,375.2873229980469,438.5765380859375,406.9319305419922
cg17283857,chr10,101229557.0,101229557,chr10,328.4193420410156,485.2357482910156,406.8275451660156
cg19072871,chr10,101229131.0,101229131,chr10,320.8431701660156,492.4346008300781,406.6388854980469
cg21851351,chr13,27793949.0,27793949,chr13,394.93231201171875,418.2237548828125,406.5780334472656
cg23242052,chr2,176083057.0,176083057,chr2,360.72088623046875,452.152099609375,406.4364929199219
cg11631427,chr17,61401217.0,61401217,chr17,371.64697265625,441.08203125,406.364501953125
cg20875159,chr12,114405908.0,114405908,chr12,376.170166015625,436.5061340332031,406.33815002441406
cg24265610,chr10,101229553.0,101229553,chr10,329.22576904296875,483.3584289550781,406.29209899902344
cg04002444,chr12,114405777.0,114405777,chr12,358.291259765625,454.2069091796875,406.24908447265625
cg05110178,chr17,37743961.0,37743961,chr17,349.7673645019531,462.6963195800781,406.2318420410156
cg13372879,chr2,172083344.0,172083344,chr2,391.2900085449219,420.75518798828125,406.02259826660156
cg05361559,chr8,22691589.0,22691589,chr8,365.4203186035156,446.62030029296875,406.0203094482422
cg01451328,chr14,60648334.0,60648334,chr14,404.2685241699219,407.6028747558594,405.9356994628906
cg26332310,chr1,90716747.0,90716747,chr1,373.5133361816406,438.14166259765625,405.82749938964844
cg10521706,chr2,19356824.0,19356824,chr2,349.54156494140625,461.59271240234375,405.567138671875
cg18443359,chr5,135039002.0,135039002,chr5,367.7115478515625,443.0120544433594,405.36180114746094
cg11027005,chr10,101229562.0,101229562,chr10,323.9050598144531,486.52880859375,405.21693420410156
cg13661740,chr9,77020995.0,77020995,chr9,405.0798034667969,405.33648681640625,405.20814514160156
cg21778348,chr7,27154994.0,27154994,chr7,373.1189880371094,437.2339782714844,405.1764831542969
cg08587797,chr10,101229094.0,101229094,chr10,326.8780822753906,482.6484680175781,404.7632751464844
cg00160183,chr13,27977592.0,27977592,chr13,369.8116455078125,439.5916748046875,404.70166015625
cg20627174,chr2,118842167.0,118842167,chr2,358.4555969238281,450.9432678222656,404.6994323730469
cg13486820,chr1,90716730.0,90716730,chr1,379.8615417480469,429.30023193359375,404.5808868408203
cg10832938,chr2,44943225.0,44943225,chr2,341.23614501953125,467.8556823730469,404.54591369628906
cg00616687,chr21,36699885.0,36699885,chr21,352.8977966308594,456.18359375,404.5406951904297
cg11168004,chr4,13536134.0,13536134,chr4,367.7476501464844,441.1726379394531,404.46014404296875
cg07250162,chr17,48754884.0,48754884,chr17,397.25177001953125,411.4404296875,404.3460998535156
cg02229433,chr7,157009502.0,157009502,chr7,362.95703125,445.7138977050781,404.33546447753906
cg17606003,chr10,101229618.0,101229618,chr10,318.0291442871094,490.5751953125,404.3021697998047
cg19907796,chr2,70907563.0,70907563,chr2,347.9522399902344,459.856689453125,403.9044647216797
cg21216477,chr12,54046988.0,54046988,chr12,357.2189636230469,450.5129089355469,403.8659362792969
cg18436984,chr7,27158754.0,27158754,chr7,367.7182312011719,439.8630065917969,403.7906188964844
cg05653707,chr10,117545426.0,117545426,chr10,338.822998046875,468.43389892578125,403.6284484863281
cg14293300,chr21,33027052.0,33027052,chr21,349.19549560546875,458.0443115234375,403.6199035644531
cg03285457,chr10,101228771.0,101228771,chr10,327.8780517578125,478.4740295410156,403.17604064941406
cg01109169,chr2,70907499.0,70907499,chr2,339.9058532714844,466.0820617675781,402.99395751953125
cg22267770,chr6,10421905.0,10421905,chr6,382.0163879394531,423.1194152832031,402.5679016113281
cg13000912,chr6,99608183.0,99608183,chr6,383.83563232421875,420.804931640625,402.3202819824219
cg05372242,chr14,36514336.0,36514336,chr14,367.5480041503906,436.5998229980469,402.07391357421875
cg14438885,chr17,61398034.0,61398034,chr17,380.1462707519531,423.9989929199219,402.0726318359375
cg22396555,chr13,27928323.0,27928323,chr13,364.96441650390625,438.609130859375,401.7867736816406
cg04735310,chr17,48633688.0,48633688,chr17,349.7210388183594,453.2879943847656,401.5045166015625
cg10345920,chr8,23702805.0,23702805,chr8,352.641357421875,450.0325622558594,401.3369598388672
cg23340017,chr10,101135375.0,101135375,chr10,362.5569763183594,439.8290710449219,401.1930236816406
cg09188099,chr7,27206127.0,27206127,chr7,338.129150390625,464.1084899902344,401.1188201904297
cg18246368,chr19,1757699.0,1757699,chr19,356.9809265136719,444.5169677734375,400.7489471435547
cg16297011,chr4,13537398.0,13537398,chr4,358.3498229980469,442.1456604003906,400.24774169921875
cg19634247,chr12,54009529.0,54009529,chr12,347.638427734375,452.2933654785156,399.9658966064453
cg11576176,chr4,54100893.0,54100893,chr4,367.2069396972656,432.5025634765625,399.85475158691406
cg01175020,chr10,101136717.0,101136717,chr10,368.11883544921875,431.2863464355469,399.7025909423828
cg08756712,chr17,49972110.0,49972110,chr17,356.5130615234375,442.5296325683594,399.52134704589844
cg21925968,chr8,26042166.0,26042166,chr8,369.8868713378906,429.0651550292969,399.47601318359375
cg05929882,chr12,114409702.0,114409702,chr12,382.1659851074219,416.74371337890625,399.45484924316406
cg08100687,chr13,27928492.0,27928492,chr13,351.520751953125,447.2047119140625,399.36273193359375
cg03989480,chr1,50419679.0,50419679,chr1,363.53594970703125,435.0608825683594,399.2984161376953
cg08037440,chr1,228007381.0,228007381,chr1,357.7112731933594,440.7848205566406,399.248046875
cg00090147,chr8,11704857.0,11704857,chr8,383.6373596191406,414.6365661621094,399.136962890625
cg06946452,chr2,118849054.0,118849054,chr2,349.4169006347656,448.79193115234375,399.1044158935547
cg05310249,chr8,23703076.0,23703076,chr8,358.1457824707031,440.0617980957031,399.1037902832031
cg18035255,chr5,77637549.0,77637549,chr5,358.3498229980469,439.6943664550781,399.0220947265625
cg21811143,chr2,118842171.0,118842171,chr2,356.6227111816406,441.4197998046875,399.02125549316406
cg27508551,chr7,27156298.0,27156298,chr7,370.9615783691406,426.3117980957031,398.6366882324219
cg19816883,chr17,36938819.0,36938819,chr17,317.3016052246094,479.70538330078125,398.5034942626953
cg20399871,chr7,27165043.0,27165043,chr7,385.15753173828125,411.6517028808594,398.4046173095703
cg14855607,chr14,74240187.0,74240187,chr14,360.659912109375,435.3561706542969,398.00804138183594
cg15365032,chr9,97848414.0,97848414,chr9,341.9986877441406,453.4875183105469,397.74310302734375
cg13680188,chr8,11702976.0,11702976,chr8,384.1625061035156,411.2783508300781,397.7204284667969
cg04970352,chr11,44305848.0,44305848,chr11,346.2578430175781,448.42333984375,397.34059143066406
cg05022306,chr12,54009469.0,54009469,chr12,324.2076110839844,470.3255310058594,397.2665710449219
cg11073558,chr8,96159672.0,96159672,chr8,346.75201416015625,447.7623596191406,397.25718688964844
cg26987376,chr12,53995056.0,53995056,chr12,326.31939697265625,467.33343505859375,396.826416015625
cg02320543,chr14,60642826.0,60642826,chr14,368.18768310546875,425.42816162109375,396.80792236328125
cg22764436,chr2,222304007.0,222304007,chr2,345.6271667480469,447.321533203125,396.47434997558594
cg12857945,chr14,36658069.0,36658069,chr14,354.8669738769531,438.02978515625,396.44837951660156
cg02202305,chr1,156435575.0,156435575,chr1,363.5336608886719,429.19061279296875,396.3621368408203
cg21382382,chr4,173531809.0,173531809,chr4,362.9434509277344,429.48150634765625,396.2124786376953
cg07936950,chr2,172088405.0,172088405,chr2,367.4131164550781,424.9390869140625,396.1761016845703
cg22733133,chr7,155459229.0,155459229,chr7,337.06329345703125,455.02685546875,396.0450744628906
cg21073927,chr8,11704645.0,11704645,chr8,349.43658447265625,442.047119140625,395.7418518066406
cg01463565,chr17,9022840.0,9022840,chr17,379.8603210449219,411.2817687988281,395.571044921875
cg03660500,chr1,197918518.0,197918518,chr1,372.5661315917969,417.06219482421875,394.8141632080078
cg22675937,chr17,61404209.0,61404209,chr17,384.200439453125,405.11822509765625,394.6593322753906
cg01815538,chr6,99606738.0,99606738,chr6,355.47039794921875,433.73583984375,394.6031188964844
cg23472708,chr7,157009514.0,157009514,chr7,373.0277404785156,416.13836669921875,394.5830535888672
cg06588201,chr4,173509335.0,173509335,chr4,355.2090759277344,433.9425964355469,394.5758361816406
cg05667348,chr10,117133069.0,117133069,chr10,340.45672607421875,448.6639099121094,394.56031799316406
cg01765249,chr17,61398972.0,61398972,chr17,340.1293029785156,448.9484558105469,394.53887939453125
cg07860673,chr13,27920858.0,27920858,chr13,349.7489929199219,439.1409606933594,394.4449768066406
cg09326404,chr1,46491166.0,46491166,chr1,354.2708435058594,434.4076232910156,394.3392333984375
cg00698204,chr21,36708393.0,36708393,chr21,364.205810546875,424.3141174316406,394.2599639892578
cg07006091,chr12,114440681.0,114440681,chr12,334.29864501953125,454.1251525878906,394.21189880371094
cg21024826,chr7,157009628.0,157009628,chr7,385.2427062988281,402.6755676269531,393.9591369628906
cg01285501,chr7,27166841.0,27166841,chr7,378.07745361328125,409.3330993652344,393.7052764892578
cg27656949,chr17,48618004.0,48618004,chr17,341.1882629394531,445.9270324707031,393.5576477050781
cg27651243,chr7,157006453.0,157006453,chr7,363.3707580566406,423.5367736816406,393.4537658691406
cg25716623,chr15,89378613.0,89378613,chr15,340.45672607421875,446.26849365234375,393.36260986328125
cg01381846,chr7,27165165.0,27165165,chr7,361.7375793457031,424.65576171875,393.19667053222656
cg01637233,chr5,77637398.0,77637398,chr5,355.289306640625,431.0172424316406,393.1532745361328
cg05266564,chr2,176159773.0,176159773,chr2,349.090087890625,437.134521484375,393.1123046875
cg16795466,chr8,11703000.0,11703000,chr8,385.6236877441406,400.269775390625,392.9467315673828
cg09765089,chr7,27251726.0,27251726,chr7,325.54949951171875,460.276611328125,392.9130554199219
cg20942223,chr7,155458344.0,155458344,chr7,362.4699401855469,423.11114501953125,392.79054260253906
cg23954268,chr5,173245450.0,173245450,chr5,380.09466552734375,405.43011474609375,392.76239013671875
cg07691705,chr7,157009630.0,157009630,chr7,388.88275146484375,396.6156311035156,392.7491912841797
cg21942490,chr7,27166617.0,27166617,chr7,375.69390869140625,409.40130615234375,392.547607421875
cg02011351,chr1,110069752.0,110069752,chr1,375.3509521484375,409.43109130859375,392.3910217285156
cg11862993,chr17,37743986.0,37743986,chr17,327.71771240234375,456.6424255371094,392.18006896972656
cg24274579,chr17,61457275.0,61457275,chr17,357.8691711425781,426.2976379394531,392.0834045410156
cg07907386,chr4,41747425.0,41747425,chr4,330.1797180175781,453.7154541015625,391.9475860595703
cg09385093,chr2,118850308.0,118850308,chr2,348.60784912109375,434.80926513671875,391.70855712890625
cg19122901,chr10,99534032.0,99534032,chr10,358.72821044921875,424.5176086425781,391.62290954589844
cg00123055,chr8,54458390.0,54458390,chr8,312.298583984375,470.9000549316406,391.5993194580078
cg10682155,chr21,36705172.0,36705172,chr21,364.4073486328125,418.4212341308594,391.41429138183594
cg22289831,chr21,36704408.0,36704408,chr21,356.1685791015625,425.8547058105469,391.0116424560547
cg15961466,chr13,27924740.0,27924740,chr13,376.95916748046875,405.0165710449219,390.9878692626953
cg04651603,chr12,53927517.0,53927517,chr12,299.82232666015625,482.0717468261719,390.94703674316406
cg23288335,chr2,172100317.0,172100317,chr2,344.6402282714844,437.174560546875,390.9073944091797
cg04330513,chr14,36514488.0,36514488,chr14,342.67791748046875,439.00384521484375,390.84088134765625
cg26725838,chr17,36940615.0,36940615,chr17,334.8050537109375,446.7946472167969,390.7998504638672
cg16940012,chr5,174732560.0,174732560,chr5,350.8545227050781,430.4433898925781,390.6489562988281
cg15427232,chr13,27976262.0,27976262,chr13,377.9707946777344,403.1141052246094,390.5424499511719
cg22324567,chr8,26041917.0,26041917,chr8,353.25750732421875,427.8004455566406,390.5289764404297
cg21875330,chr14,36658668.0,36658668,chr14,363.40594482421875,417.5190124511719,390.4624786376953
cg10775273,chr2,218993204.0,218993204,chr2,308.1867370605469,472.68035888671875,390.4335479736328
cg15799226,chr15,67822853.0,67822853,chr15,364.7931823730469,415.33709716796875,390.0651397705078
cg27294268,chr14,36514312.0,36514312,chr14,354.92926025390625,425.1033630371094,390.0163116455078
cg23620228,chr1,197918164.0,197918164,chr1,337.2096862792969,442.7119140625,389.96080017089844
cg12756396,chr1,50421296.0,50421296,chr1,343.744873046875,435.95611572265625,389.8504943847656
cg04384626,chr4,41880562.0,41880562,chr4,325.0425720214844,454.6565856933594,389.8495788574219
cg21697851,chr21,36704568.0,36704568,chr21,341.6751708984375,437.86480712890625,389.7699890136719
cg04666975,chr14,60510634.0,60510634,chr14,352.1210021972656,427.28448486328125,389.70274353027344
cg20596162,chr15,45116662.0,45116662,chr15,330.4718322753906,448.7155456542969,389.59368896484375
cg05238769,chr21,33026951.0,33026951,chr21,354.6966857910156,423.8996887207031,389.2981872558594
cg03656099,chr17,61404592.0,61404592,chr17,390.3083190917969,388.18743896484375,389.2478790283203
cg17276590,chr10,117544975.0,117544975,chr10,349.40924072265625,428.61541748046875,389.0123291015625
cg15446990,chr8,23702834.0,23702834,chr8,348.7096252441406,429.15252685546875,388.9310760498047
cg16076997,chr1,47439394.0,47439394,chr1,392.5926818847656,385.0093688964844,388.801025390625
cg08008403,chr1,197912610.0,197912610,chr1,373.07879638671875,404.502685546875,388.7907409667969
cg15167959,chr13,27928421.0,27928421,chr13,351.3515930175781,425.58367919921875,388.46763610839844
cg09463047,chr17,37744226.0,37744226,chr17,339.8069152832031,436.5061340332031,388.1565246582031
cg12605662,chr18,59267966.0,59267966,chr18,319.02490234375,457.24664306640625,388.1357727050781
cg21092808,chr2,176165121.0,176165121,chr2,356.80615234375,419.4375,388.121826171875
cg15812753,chr2,176165084.0,176165084,chr2,356.0048828125,420.1258850097656,388.0653839111328
cg03408271,chr4,13536022.0,13536022,chr4,338.71771240234375,437.365234375,388.0414733886719
cg02379082,chr7,157018789.0,157018789,chr7,346.6880798339844,429.30023193359375,387.99415588378906
cg04436255,chr16,56638271.0,56638271,chr16,338.4875183105469,437.49725341796875,387.9923858642578
cg27451484,chr7,155373739.0,155373739,chr7,345.80377197265625,429.7781982421875,387.7909851074219
cg24562066,chr2,218984584.0,218984584,chr2,342.1777648925781,433.3647766113281,387.7712707519531
cg18526607,chr5,55223478.0,55223478,chr5,342.3475341796875,433.1734924316406,387.76051330566406
cg02524954,chr11,32433417.0,32433417,chr11,337.5133972167969,437.943359375,387.72837829589844
cg16809460,chr1,50419696.0,50419696,chr1,361.6700439453125,413.6622619628906,387.66615295410156
cg02980693,chr3,128490126.0,128490126,chr3,339.8069152832031,435.1441650390625,387.4755401611328
cg09968620,chr2,176122654.0,176122654,chr2,372.57525634765625,402.3697814941406,387.47251892089844
cg08900821,chr4,173509906.0,173509906,chr4,324.969970703125,448.7640075683594,386.8669891357422
cg21877220,chr17,48618086.0,48618086,chr17,332.45648193359375,440.934326171875,386.6954040527344
cg22978620,chr3,128492044.0,128492044,chr3,349.94256591796875,423.4307861328125,386.6866760253906
cg19874726,chr14,60647757.0,60647757,chr14,348.9727478027344,424.1853942871094,386.5790710449219
cg06809252,chr1,110069421.0,110069421,chr1,348.39251708984375,424.55767822265625,386.47509765625
cg04567731,chr17,61455157.0,61455157,chr17,375.0355529785156,397.884033203125,386.4597930908203
cg06871074,chr1,147080015.0,147080015,chr1,367.4131164550781,405.43011474609375,386.42161560058594
cg14214262,chr12,114405382.0,114405382,chr12,345.708984375,427.0293273925781,386.36915588378906
cg01309744,chr7,155374705.0,155374705,chr7,336.5462646484375,436.0615539550781,386.3039093017578
cg22494858,chr1,110069089.0,110069089,chr1,342.9664611816406,429.2840270996094,386.125244140625
cg17819053,chr1,119007002.0,119007002,chr1,348.8149719238281,423.3497619628906,386.0823669433594
cg01524278,chr12,53961675.0,53961675,chr12,353.1519470214844,418.5311584472656,385.841552734375
cg02090014,chr7,157009645.0,157009645,chr7,377.98150634765625,393.59283447265625,385.78717041015625
cg26608174,chr17,48633672.0,48633672,chr17,329.22576904296875,441.8440246582031,385.53489685058594
cg04679712,chr8,26041322.0,26041322,chr8,373.150390625,397.19635009765625,385.1733703613281
cg17462140,chr11,2141132.0,2141132,chr11,367.9415283203125,402.1238098144531,385.0326690673828
cg24688826,chr6,99607296.0,99607296,chr6,360.2660217285156,409.6398010253906,384.9529113769531
cg14991487,chr2,176122675.0,176122675,chr2,378.1629333496094,391.6753234863281,384.91912841796875
cg09127044,chr5,55223330.0,55223330,chr5,317.72235107421875,451.8207702636719,384.7715606689453
cg18087672,chr17,48747552.0,48747552,chr17,354.7365417480469,414.5502014160156,384.64337158203125
cg19092096,chr1,110069851.0,110069851,chr1,350.489501953125,418.76531982421875,384.6274108886719
cg10024909,chr4,173531833.0,173531833,chr4,360.9737854003906,408.21539306640625,384.59458923339844
cg06313716,chr4,190018026.0,190018026,chr4,327.4120178222656,441.4974060058594,384.4547119140625
cg19715557,chr14,60648036.0,60648036,chr14,369.084228515625,399.58355712890625,384.3338928222656
cg15246719,chr17,37742262.0,37742262,chr17,329.4013671875,439.24310302734375,384.3222351074219
cg00893471,chr2,176165192.0,176165192,chr2,342.4214782714844,426.08587646484375,384.25367736816406
cg16792842,chr8,26041942.0,26041942,chr8,342.5070495605469,425.9479064941406,384.22747802734375
cg20073553,chr4,13543666.0,13543666,chr4,341.8450012207031,426.60968017578125,384.2273406982422
cg22964842,chr10,100735383.0,100735383,chr10,393.9921875,374.2236633300781,384.10792541503906
cg22327646,chr12,114440764.0,114440764,chr12,324.23199462890625,443.89129638671875,384.0616455078125
cg10877086,chr12,114444038.0,114444038,chr12,389.62994384765625,378.4795227050781,384.0547332763672
cg19623360,chr7,27152294.0,27152294,chr7,342.0657043457031,425.8140869140625,383.9398956298828
cg14305801,chr9,124013266.0,124013266,chr9,368.72235107421875,398.4468078613281,383.58457946777344
cg14451926,chr8,23705404.0,23705404,chr8,337.775390625,429.2485656738281,383.51197814941406
cg19519747,chr2,176149826.0,176149826,chr2,341.189697265625,425.45733642578125,383.3235168457031
cg24601716,chr13,27924313.0,27924313,chr13,330.4918518066406,435.1145324707031,382.8031921386719
cg03127416,chr8,22690492.0,22690492,chr8,337.0196228027344,428.42340087890625,382.7215118408203
cg18950778,chr11,32433815.0,32433815,chr11,324.2076110839844,441.0833740234375,382.64549255371094
cg24047810,chr11,2141110.0,2141110,chr11,356.8381042480469,408.34979248046875,382.5939483642578
cg27649239,chr15,67828054.0,67828054,chr15,343.26141357421875,421.7619934082031,382.51170349121094
cg26848718,chr11,32433428.0,32433428,chr11,342.3475341796875,422.3465881347656,382.34706115722656
cg21294935,chr2,70901407.0,70901407,chr2,315.386962890625,448.88604736328125,382.1365051269531
cg02062480,chr6,108166183.0,108166183,chr6,311.8410949707031,452.4078369140625,382.1244659423828
cg21948783,chr12,48978690.0,48978690,chr12,348.9931945800781,415.1457214355469,382.0694580078125
cg00158789,chr17,61457321.0,61457321,chr17,364.1658020019531,399.6432189941406,381.9045104980469
cg02194223,chr7,27245813.0,27245813,chr7,319.66485595703125,443.95538330078125,381.81011962890625
cg16895719,chr8,26041740.0,26041740,chr8,335.6416931152344,427.6812744140625,381.66148376464844
cg25927708,chr2,118846236.0,118846236,chr2,358.4555969238281,404.82073974609375,381.63816833496094
cg27116912,chr2,176083211.0,176083211,chr2,325.2256164550781,437.744140625,381.48487854003906
cg18334881,chr10,101222734.0,101222734,chr10,362.00665283203125,400.93316650390625,381.46990966796875
cg09537620,chr11,31805025.0,31805025,chr11,337.81768798828125,425.1080322265625,381.4628601074219
cg20756891,chr5,171316946.0,171316946,chr5,310.5183410644531,452.40240478515625,381.4603729248047
cg24587744,chr10,100735902.0,100735902,chr10,337.06329345703125,425.5674743652344,381.3153839111328
cg14093715,chr9,124013900.0,124013900,chr9,320.0047302246094,442.37091064453125,381.1878204345703
cg01458605,chr3,147410891.0,147410891,chr3,343.90045166015625,418.2099914550781,381.0552215576172
cg01819137,chr5,146340374.0,146340374,chr5,331.86566162109375,430.13397216796875,380.99981689453125
cg00422120,chr2,218983610.0,218983610,chr2,341.54071044921875,420.3920593261719,380.9663848876953
cg13441766,chr5,135040751.0,135040751,chr5,325.34271240234375,436.5061340332031,380.92442321777344
cg01357429,chr7,27245943.0,27245943,chr7,328.4193420410156,433.215087890625,380.8172149658203
cg27443071,chr4,190017934.0,190017934,chr4,332.9702453613281,428.5329284667969,380.7515869140625
cg23574897,chr10,101229078.0,101229078,chr10,314.0326232910156,447.05706787109375,380.5448455810547
cg09258804,chr17,61455202.0,61455202,chr17,361.7375793457031,399.314208984375,380.52589416503906
cg13646785,chr9,132586547.0,132586547,chr9,327.0762023925781,433.7456359863281,380.4109191894531
cg11777515,chr4,41750434.0,41750434,chr4,320.8472595214844,439.8276062011719,380.3374328613281
cg07681935,chr4,173531309.0,173531309,chr4,342.74200439453125,417.62109375,380.1815490722656
cg27136740,chr2,172101108.0,172101108,chr2,332.28704833984375,427.6812744140625,379.9841613769531
cg26577201,chr2,218993070.0,218993070,chr2,281.70074462890625,478.06951904296875,379.8851318359375
cg06883496,chr13,27929097.0,27929097,chr13,336.0714111328125,423.3497619628906,379.71058654785156
cg16208657,chr15,67826954.0,67826954,chr15,363.4407653808594,395.7104797363281,379.57562255859375
cg10846615,chr2,118841612.0,118841612,chr2,361.6700439453125,397.36346435546875,379.5167541503906
cg05488474,chr12,53995149.0,53995149,chr12,319.086181640625,439.42620849609375,379.2561950683594
cg22587479,chr2,218873503.0,218873503,chr2,331.1849060058594,427.14306640625,379.1639862060547
cg13975503,chr1,90716657.0,90716657,chr1,340.2087097167969,417.62109375,378.91490173339844
cg04782776,chr2,172083185.0,172083185,chr2,364.55670166015625,392.37646484375,378.4665832519531
cg20969194,chr2,222298455.0,222298455,chr2,321.9447021484375,434.6541442871094,378.29942321777344
cg04958411,chr17,79842911.0,79842911,chr17,347.64703369140625,408.75445556640625,378.20074462890625
cg09578028,chr2,176122682.0,176122682,chr2,361.7375793457031,394.65032958984375,378.19395446777344
cg24335138,chr11,44309557.0,44309557,chr11,343.081298828125,412.9347229003906,378.0080108642578
cg02643054,chr7,27166924.0,27166924,chr7,334.2029113769531,421.7038879394531,377.9533996582031
cg05938001,chr2,172088219.0,172088219,chr2,331.16326904296875,424.7137145996094,377.93849182128906
cg19455840,chr10,101146413.0,101146413,chr10,310.5719909667969,445.3043518066406,377.93817138671875
cg17231999,chr4,41880546.0,41880546,chr4,303.0240173339844,452.7325439453125,377.87828063964844
cg22623133,chr7,27156340.0,27156340,chr7,346.29541015625,409.43023681640625,377.8628234863281
cg24435879,chr7,155373509.0,155373509,chr7,314.8227233886719,440.6839904785156,377.75335693359375
cg25563456,chr11,32434522.0,32434522,chr11,327.51123046875,427.8514709472656,377.6813507080078
cg25924096,chr6,99606708.0,99606708,chr6,343.4197082519531,411.6517028808594,377.53570556640625
cg07211140,chr11,32433478.0,32433478,chr11,346.0190734863281,408.9882507324219,377.503662109375
cg25950112,chr5,171313865.0,171313865,chr5,321.7126159667969,432.9669494628906,377.33978271484375
cg12371933,chr7,155455015.0,155455015,chr7,315.3199462890625,439.260009765625,377.28997802734375
cg04063045,chr2,70897400.0,70897400,chr2,344.20556640625,410.3239440917969,377.26475524902344
cg03109101,chr10,117545583.0,117545583,chr10,328.45611572265625,425.8140869140625,377.1351013183594
cg13575339,chr14,74241609.0,74241609,chr14,365.9262390136719,388.04571533203125,376.98597717285156
cg18017926,chr5,173234483.0,173234483,chr5,356.28564453125,397.60430908203125,376.9449768066406
cg07011913,chr2,176149897.0,176149897,chr2,330.9929504394531,422.86077880859375,376.92686462402344
cg02583418,chr2,104856881.0,104856881,chr2,318.5000915527344,434.80926513671875,376.65467834472656
cg23871640,chr1,110069184.0,110069184,chr1,339.4239196777344,413.7353210449219,376.5796203613281
cg00842299,chr3,147411490.0,147411490,chr3,326.52459716796875,426.4988098144531,376.51170349121094
cg26299169,chr13,27924818.0,27924818,chr13,361.94091796875,391.0772705078125,376.50909423828125
cg06385227,chr7,155459505.0,155459505,chr7,321.6358947753906,431.1332092285156,376.3845520019531
cg22972965,chr17,79798850.0,79798850,chr17,321.7750549316406,430.76300048828125,376.26902770996094
cg19021197,chr17,61398850.0,61398850,chr17,336.7298583984375,415.7045593261719,376.2172088623047
cg16325502,chr2,222301715.0,222301715,chr2,342.74200439453125,409.6398010253906,376.19090270996094
cg10157251,chr15,89371376.0,89371376,chr15,306.6031188964844,445.6391906738281,376.12115478515625
cg07706844,chr10,100749752.0,100749752,chr10,380.532958984375,371.3061828613281,375.91957092285156
cg05468024,chr19,1748710.0,1748710,chr19,302.5246276855469,449.2912902832031,375.907958984375
cg01449136,chr14,60642598.0,60642598,chr14,313.14947509765625,438.6133728027344,375.8814239501953
cg02583938,chr22,19761253.0,19761253,chr22,357.1959228515625,394.4412841796875,375.818603515625
cg03129964,chr9,93952382.0,93952382,chr9,316.83612060546875,434.7375793457031,375.78684997558594
cg02187214,chr16,86565861.0,86565861,chr16,334.2809143066406,417.02484130859375,375.6528778076172
cg23610041,chr20,40692285.0,40692285,chr20,328.45611572265625,422.7693176269531,375.6127166748047
cg06388730,chr7,35258087.0,35258087,chr7,316.0830993652344,434.7375793457031,375.41033935546875
cg16329589,chr4,173508989.0,173508989,chr4,334.51300048828125,415.2790222167969,374.89601135253906
cg05050657,chr1,46491432.0,46491432,chr1,369.4837951660156,380.0467224121094,374.7652587890625
cg12134754,chr17,37742402.0,37742402,chr17,300.51788330078125,448.6639099121094,374.5908966064453
cg21751684,chr15,89377655.0,89377655,chr15,299.67950439453125,448.84814453125,374.2638244628906
cg14266251,chr9,132586903.0,132586903,chr9,344.4465637207031,403.9853515625,374.21595764160156
cg18962237,chr2,118848924.0,118848924,chr2,320.0047302246094,428.24176025390625,374.1232452392578
cg04245057,chr17,61401088.0,61401088,chr17,313.43084716796875,434.80926513671875,374.12005615234375
cg15601050,chr17,48738984.0,48738984,chr17,321.4712829589844,426.3277893066406,373.8995361328125
cg09935282,chr10,117137768.0,117137768,chr10,286.0569763183594,461.59271240234375,373.82484436035156
cg15830509,chr12,53973223.0,53973223,chr12,325.34271240234375,422.1183776855469,373.7305450439453
cg02162886,chr14,60647426.0,60647426,chr14,320.0835266113281,427.2369689941406,373.6602478027344
cg10023272,chr1,110069200.0,110069200,chr1,335.35394287109375,411.9461975097656,373.6500701904297
cg08483376,chr7,27245516.0,27245516,chr7,328.98187255859375,418.23919677734375,373.61053466796875
cg02032606,chr17,49971856.0,49971856,chr17,364.10943603515625,382.879150390625,373.4942932128906
cg01157126,chr2,218984466.0,218984466,chr2,354.21533203125,392.6124572753906,373.4138946533203
cg11460727,chr8,22691438.0,22691438,chr8,340.0014343261719,406.6233825683594,373.3124084472656
cg03255182,chr12,54029781.0,54029781,chr12,305.0616760253906,441.36199951171875,373.2118377685547
cg05224741,chr6,10422088.0,10422088,chr6,327.04840087890625,419.2806091308594,373.1645050048828
cg19981568,chr14,60510581.0,60510581,chr14,322.1093444824219,424.1222839355469,373.1158142089844
cg20234976,chr6,100448030.0,100448030,chr6,352.5025634765625,393.5317077636719,373.0171356201172
cg04223420,chr5,135028186.0,135028186,chr5,317.3310241699219,428.5329284667969,372.9319763183594
cg10757065,chr2,222301171.0,222301171,chr2,311.1899108886719,434.33380126953125,372.76185607910156
cg07687119,chr12,54029764.0,54029764,chr12,301.3315124511719,444.1660461425781,372.748779296875
cg05095591,chr3,147411396.0,147411396,chr3,338.822998046875,406.61126708984375,372.7171325683594
cg16355271,chr7,27243908.0,27243908,chr7,337.1764831542969,407.6954040527344,372.4359436035156
cg06694734,chr4,4869438.0,4869438,chr4,357.2103576660156,387.5617370605469,372.38604736328125
cg08825084,chr2,118845285.0,118845285,chr2,319.5508117675781,424.9390869140625,372.2449493408203
cg16817826,chr3,62370647.0,62370647,chr3,304.8521423339844,439.6371765136719,372.2446594238281
cg09775930,chr13,27927275.0,27927275,chr13,330.0417785644531,414.0285949707031,372.0351867675781
cg14994060,chr5,135040798.0,135040798,chr5,318.42633056640625,425.5674743652344,371.9969024658203
cg02393845,chr1,197918307.0,197918307,chr1,321.6358947753906,422.1183776855469,371.87713623046875
cg01794426,chr14,36663284.0,36663284,chr14,294.3371887207031,449.3226013183594,371.82989501953125
cg02081733,chr15,67828073.0,67828073,chr15,319.45257568359375,424.0298156738281,371.74119567871094
cg24211006,chr20,40692705.0,40692705,chr20,326.0625915527344,417.4046936035156,371.733642578125
cg01919652,chr6,149938793.0,149938793,chr6,316.4526672363281,426.9381103515625,371.6953887939453
cg05329692,chr10,101131522.0,101131522,chr10,335.6279602050781,407.7013244628906,371.6646423339844
cg05930881,chr8,11703030.0,11703030,chr8,360.6700134277344,382.514404296875,371.5922088623047
cg07023704,chr2,172101161.0,172101161,chr2,321.8810119628906,420.5105895996094,371.19580078125
cg23837867,chr2,218984410.0,218984410,chr2,359.4700927734375,382.797119140625,371.13360595703125
cg24151352,chr6,1390602.0,1390602,chr6,316.6946105957031,425.4344787597656,371.0645446777344
cg15929797,chr5,173233792.0,173233792,chr5,333.5035095214844,408.4952392578125,370.99937438964844
cg14673618,chr2,44943182.0,44943182,chr2,338.8792724609375,402.99896240234375,370.9391174316406
cg00509108,chr16,56638161.0,56638161,chr16,324.8721618652344,416.89788818359375,370.88502502441406
cg06912966,chr12,114414553.0,114414553,chr12,317.5342102050781,423.97802734375,370.75611877441406
cg18786873,chr1,110068276.0,110068276,chr1,301.3138732910156,440.1874694824219,370.75067138671875
cg14022137,chr6,149964497.0,149964497,chr6,347.3507385253906,394.0732727050781,370.7120056152344
cg22879667,chr4,4866713.0,4866713,chr4,336.0633850097656,405.09991455078125,370.58164978027344
cg14142007,chr2,176122496.0,176122496,chr2,336.81689453125,404.338623046875,370.5777587890625
cg00418027,chr9,93954715.0,93954715,chr9,320.3274230957031,420.8014221191406,370.5644226074219
cg09238992,chr10,23195298.0,23195298,chr10,347.3162841796875,393.59283447265625,370.4545593261719
cg04164058,chr15,89406462.0,89406462,chr15,325.3549499511719,415.4839782714844,370.4194641113281
cg09307564,chr14,36514531.0,36514531,chr14,323.3383483886719,417.43878173828125,370.38856506347656
cg15377283,chr8,54458808.0,54458808,chr8,323.3383483886719,417.38812255859375,370.3632354736328
cg23546474,chr2,222298313.0,222298313,chr2,291.0953063964844,449.58941650390625,370.3423614501953
cg15138883,chr2,218984412.0,218984412,chr2,356.7257995605469,383.7189025878906,370.22235107421875
cg21250356,chr7,157020907.0,157020907,chr7,316.6969909667969,423.5460510253906,370.12152099609375
cg23204799,chr19,1757472.0,1757472,chr19,322.88848876953125,416.4327087402344,369.6605987548828
cg26701408,chr10,101146299.0,101146299,chr10,326.6017761230469,412.4901428222656,369.54595947265625
cg09600096,chr14,60647831.0,60647831,chr14,333.708251953125,405.3440246582031,369.52613830566406
cg05638929,chr10,100748875.0,100748875,chr10,341.189697265625,397.60430908203125,369.3970031738281
cg15054077,chr19,13013400.0,13013400,chr19,324.362548828125,414.3857421875,369.3741455078125
cg06749715,chr14,36663085.0,36663085,chr14,295.9166564941406,442.7615051269531,369.3390808105469
cg19351701,chr7,27173315.0,27173315,chr7,380.6297302246094,357.9534606933594,369.2915954589844
cg17333109,chr14,36581197.0,36581197,chr14,320.0047302246094,418.4698486328125,369.23728942871094
cg05842348,chr14,36663910.0,36663910,chr14,290.71124267578125,447.0494384765625,368.8803405761719
cg09917979,chr7,1235993.0,1235993,chr7,321.93896484375,415.698486328125,368.8187255859375
cg06389697,chr10,100748771.0,100748771,chr10,320.8431701660156,416.6257629394531,368.7344665527344
cg04543233,chr20,21708466.0,21708466,chr20,322.3265075683594,415.0149230957031,368.67071533203125
cg00021256,chr2,218983650.0,218983650,chr2,322.1919250488281,414.801513671875,368.49671936035156
cg09250933,chr2,113278041.0,113278041,chr2,302.55474853515625,434.2342224121094,368.3944854736328
cg11910375,chr7,27155278.0,27155278,chr7,336.21771240234375,400.5390319824219,368.3783721923828
cg04739647,chr2,176122733.0,176122733,chr2,326.8128356933594,409.3330993652344,368.0729675292969
cg15724256,chr2,118845280.0,118845280,chr2,312.6440734863281,423.42724609375,368.03565979003906
cg07345734,chr14,36517157.0,36517157,chr14,314.7954406738281,420.934326171875,367.86488342285156
cg04222582,chr15,45112904.0,45112904,chr15,321.30426025390625,414.3456115722656,367.82493591308594
cg23448486,chr3,147411425.0,147411425,chr3,321.30426025390625,414.23712158203125,367.77069091796875
cg22902266,chr9,93952030.0,93952030,chr9,332.7160949707031,402.806640625,367.76136779785156
cg12378888,chr4,4865374.0,4865374,chr4,331.4173278808594,403.9853515625,367.7013397216797
cg15683295,chr7,27205922.0,27205922,chr7,307.0671691894531,428.18133544921875,367.62425231933594
cg27264049,chr4,13536247.0,13536247,chr4,306.8385009765625,427.9859924316406,367.41224670410156
cg21617762,chr7,157018822.0,157018822,chr7,334.0274658203125,400.07952880859375,367.0534973144531
cg13689003,chr1,156436309.0,156436309,chr1,342.051025390625,391.9624328613281,367.00672912597656
cg24001710,chr2,118849118.0,118849118,chr2,331.1849060058594,402.7243957519531,366.95465087890625
cg24112562,chr21,36697740.0,36697740,chr21,287.9582214355469,445.9270324707031,366.942626953125
cg17811778,chr10,99533414.0,99533414,chr10,314.8377380371094,418.7010498046875,366.76939392089844
cg13261971,chr2,45004086.0,45004086,chr2,304.8521423339844,428.65838623046875,366.75526428222656
cg12878824,chr17,48617829.0,48617829,chr17,363.87103271484375,369.5154724121094,366.69325256347656
cg24880701,chr15,67829224.0,67829224,chr15,306.161376953125,427.1332092285156,366.6472930908203
cg02155658,chr20,21709397.0,21709397,chr20,318.18402099609375,414.8776550292969,366.5308380126953
cg16006349,chr12,53966675.0,53966675,chr12,360.2660217285156,372.7099609375,366.4879913330078
cg16145113,chr1,119007223.0,119007223,chr1,346.75201416015625,385.739501953125,366.2457580566406
cg14693465,chr15,76339950.0,76339950,chr15,323.7469482421875,408.6475830078125,366.197265625
cg08993172,chr11,44305716.0,44305716,chr11,327.81591796875,404.52703857421875,366.1714782714844
cg24431667,chr11,2141156.0,2141156,chr11,342.1397399902344,390.1765441894531,366.15814208984375
cg05167251,chr2,176122736.0,176122736,chr2,325.8825378417969,406.376708984375,366.12962341308594
cg14559259,chr2,222303855.0,222303855,chr2,341.0434875488281,391.03692626953125,366.0402069091797
cg10782668,chr13,27921944.0,27921944,chr13,296.9195556640625,435.1542053222656,366.03688049316406
cg27312652,chr21,36701216.0,36701216,chr21,295.1688232421875,436.7129821777344,365.94090270996094
cg13929627,chr9,77020528.0,77020528,chr9,315.8591003417969,415.6225280761719,365.7408142089844
cg19509393,chr2,176151761.0,176151761,chr2,312.0785217285156,419.3343811035156,365.7064514160156
cg20245757,chr17,48586396.0,48586396,chr17,332.53564453125,398.70562744140625,365.6206359863281
cg19188855,chr12,53961691.0,53961691,chr12,327.9318542480469,403.0974426269531,365.5146484375
cg08045824,chr12,53955786.0,53955786,chr12,359.87359619140625,371.1228332519531,365.4982147216797
cg16650901,chr12,53952006.0,53952006,chr12,314.3463134765625,416.6257629394531,365.4860382080078
cg00851389,chr16,56635768.0,56635768,chr16,302.2535095214844,428.71685791015625,365.4851837158203
cg12974733,chr2,161417012.0,161417012,chr2,322.4997253417969,408.4170837402344,365.4584045410156
cg00945234,chr1,50420738.0,50420738,chr1,358.9691162109375,371.8093566894531,365.3892364501953
cg03830329,chr6,100449204.0,100449204,chr6,318.2679748535156,412.4402160644531,365.3540954589844
cg25951210,chr2,176151890.0,176151890,chr2,308.3829345703125,422.23797607421875,365.3104553222656
cg02009895,chr12,53986316.0,53986316,chr12,305.49169921875,425.118896484375,365.3052978515625
cg05196820,chr4,54100850.0,54100850,chr4,329.80657958984375,400.8033752441406,365.3049774169922
cg09970120,chr7,155375148.0,155375148,chr7,355.8027038574219,374.7593078613281,365.281005859375
cg17861154,chr10,100749935.0,100749935,chr10,303.7773132324219,426.60968017578125,365.19349670410156
cg16310415,chr8,26041022.0,26041022,chr8,330.9912414550781,399.1317138671875,365.0614776611328
cg06371954,chr15,76339945.0,76339945,chr15,326.2621765136719,403.6755065917969,364.9688415527344
cg10265690,chr5,171317022.0,171317022,chr5,298.579345703125,430.9975891113281,364.78846740722656
cg14978307,chr7,155449988.0,155449988,chr7,336.03021240234375,393.447265625,364.7387390136719
cg13151057,chr15,45112968.0,45112968,chr15,312.0162353515625,417.4046936035156,364.71046447753906
cg14872952,chr4,4865436.0,4865436,chr4,312.0764465332031,416.9723205566406,364.5243835449219
cg05963712,chr12,48979962.0,48979962,chr12,301.34271240234375,427.5403137207031,364.44151306152344
cg03244696,chr2,172083117.0,172083117,chr2,329.49664306640625,399.2743835449219,364.38551330566406
cg21841963,chr12,53994754.0,53994754,chr12,325.34271240234375,403.42486572265625,364.3837890625
cg20690420,chr6,108167546.0,108167546,chr6,290.29791259765625,438.2979736328125,364.2979431152344
cg03753391,chr17,61401596.0,61401596,chr17,326.83795166015625,401.7451171875,364.2915344238281
cg25547580,chr18,57436501.0,57436501,chr18,363.45306396484375,365.1205139160156,364.2867889404297
cg05151803,chr7,155374587.0,155374587,chr7,332.3138732910156,396.2512512207031,364.2825622558594
cg12384499,chr15,89406385.0,89406385,chr15,307.4781188964844,421.02020263671875,364.24916076660156
cg13933734,chr1,119007860.0,119007860,chr1,299.55426025390625,428.65838623046875,364.1063232421875
cg24945701,chr3,62377107.0,62377107,chr3,305.09625244140625,423.0804443359375,364.0883483886719
cg21069005,chr8,11679920.0,11679920,chr8,331.16119384765625,396.9044494628906,364.03282165527344
cg05569909,chr10,101230268.0,101230268,chr10,319.7125244140625,408.1555480957031,363.9340362548828
cg21781988,chr10,99527984.0,99527984,chr10,329.43963623046875,398.3505859375,363.8951110839844
cg01790002,chr7,27243925.0,27243925,chr7,329.6666259765625,397.9943542480469,363.8304901123047
cg08044097,chr8,54458452.0,54458452,chr8,284.1745300292969,443.113037109375,363.64378356933594
cg21242918,chr10,117137682.0,117137682,chr10,287.075927734375,439.8894348144531,363.48268127441406
cg10623600,chr1,156435456.0,156435456,chr1,344.275390625,382.65478515625,363.465087890625
cg01520571,chr17,36939183.0,36939183,chr17,364.205810546875,362.69140625,363.4486083984375
cg16001495,chr21,36708225.0,36708225,chr21,337.7232360839844,388.8778381347656,363.300537109375
cg10509254,chr4,173530981.0,173530981,chr4,316.28875732421875,410.1039733886719,363.1963653564453
cg10310237,chr3,128489712.0,128489712,chr3,308.0787048339844,418.2099914550781,363.14434814453125
cg22794704,chr2,161416925.0,161416925,chr2,342.2669982910156,383.99395751953125,363.13047790527344
cg01502588,chr2,118858312.0,118858312,chr2,357.0087585449219,369.03155517578125,363.02015686035156
cg20249252,chr12,114414502.0,114414502,chr12,316.5387878417969,409.43023681640625,362.98451232910156
cg02344911,chr12,54009393.0,54009393,chr12,306.3438415527344,419.3343811035156,362.839111328125
cg14215702,chr7,155459621.0,155459621,chr7,341.1882629394531,384.3498840332031,362.7690734863281
cg26990102,chr2,118849169.0,118849169,chr2,336.7298583984375,388.70501708984375,362.7174377441406
cg09973284,chr12,53952370.0,53952370,chr12,354.0953369140625,371.3061828613281,362.7007598876953
cg13660664,chr10,100748849.0,100748849,chr10,338.03009033203125,387.27667236328125,362.65338134765625
cg13773631,chr9,93953560.0,93953560,chr9,317.8119812011719,407.4113464355469,362.6116638183594
cg27122536,chr16,86511051.0,86511051,chr16,290.1867370605469,434.9594421386719,362.5730895996094
cg08297082,chr21,36701162.0,36701162,chr21,308.416015625,416.61016845703125,362.5130920410156
cg07362328,chr1,50420720.0,50420720,chr1,357.2189636230469,367.4360656738281,362.3275146484375
cg16929199,chr7,155450721.0,155450721,chr7,302.7576904296875,421.84814453125,362.30291748046875
cg06681768,chr17,49972605.0,49972605,chr17,365.2589111328125,359.3284912109375,362.293701171875
cg08971771,chr17,49972614.0,49972614,chr17,356.6264953613281,367.9252014160156,362.2758483886719
cg01178680,chr15,74133210.0,74133210,chr15,292.7798767089844,431.64801025390625,362.2139434814453
cg12903911,chr7,155378116.0,155378116,chr7,296.236083984375,428.1606750488281,362.19837951660156
cg22668767,chr5,55223857.0,55223857,chr5,326.9668884277344,397.03851318359375,362.00270080566406
cg19888869,chr4,54101506.0,54101506,chr4,317.4383239746094,406.5669860839844,362.0026550292969
cg24459147,chr21,36696280.0,36696280,chr21,318.7379150390625,405.2537841796875,361.995849609375
cg24541426,chr2,176164730.0,176164730,chr2,316.70166015625,406.376708984375,361.5391845703125
cg08318726,chr12,114406459.0,114406459,chr12,313.7837219238281,408.98272705078125,361.3832244873047
cg02805994,chr2,218993277.0,218993277,chr2,314.60089111328125,407.9475402832031,361.2742156982422
cg19480724,chr7,27246211.0,27246211,chr7,327.00128173828125,395.44525146484375,361.2232666015625
cg05553502,chr5,93588384.0,93588384,chr5,317.3411865234375,405.01397705078125,361.1775817871094
cg12285988,chr1,50425028.0,50425028,chr1,341.4337158203125,380.842529296875,361.13812255859375
cg13211683,chr8,96159598.0,96159598,chr8,330.4850158691406,391.7552185058594,361.1201171875
cg22945387,chr14,36514198.0,36514198,chr14,323.5218811035156,398.70562744140625,361.11375427246094
cg09683350,chr15,89371234.0,89371234,chr15,279.1921081542969,442.8751525878906,361.03363037109375
cg10308654,chr17,61401944.0,61401944,chr17,331.1849060058594,390.5748596191406,360.8798828125
cg04415798,chr14,36659380.0,36659380,chr14,365.94696044921875,355.6810607910156,360.8140106201172
cg07112473,chr2,104864289.0,104864289,chr2,326.2375793457031,395.2172546386719,360.7274169921875
cg00011225,chr2,218873591.0,218873591,chr2,306.8385009765625,414.5502014160156,360.69435119628906
cg07471157,chr12,48979479.0,48979479,chr12,325.8825378417969,395.4308776855469,360.6567077636719
cg24961583,chr3,27723917.0,27723917,chr3,339.4524841308594,381.21795654296875,360.33522033691406
cg06228507,chr20,63006007.0,63006007,chr20,360.7882385253906,359.7073059082031,360.2477722167969
cg24738627,chr8,11705513.0,11705513,chr8,314.864013671875,405.5176696777344,360.1908416748047
cg16790794,chr14,36517790.0,36517790,chr14,316.084716796875,403.99298095703125,360.0388488769531
cg12076463,chr4,84497111.0,84497111,chr4,306.779052734375,413.2181701660156,359.9986114501953
cg06071058,chr9,93953808.0,93953808,chr9,330.07647705078125,389.8614196777344,359.9689483642578
cg27325152,chr21,36701006.0,36701006,chr21,337.24853515625,382.3490905761719,359.79881286621094
cg22309923,chr7,35257669.0,35257669,chr7,309.1468200683594,410.277099609375,359.7119598388672
cg13547113,chr11,124865515.0,124865515,chr11,315.0734558105469,404.338623046875,359.70603942871094
cg18917544,chr6,98833193.0,98833193,chr6,290.3226318359375,428.6393127441406,359.48097229003906
cg18453621,chr9,126614624.0,126614624,chr9,311.62188720703125,407.2295227050781,359.4257049560547
cg16479539,chr12,53951427.0,53951427,chr12,328.25982666015625,390.5762939453125,359.4180603027344
cg11710334,chr15,89377990.0,89377990,chr15,301.29644775390625,417.302734375,359.2995910644531
cg19759549,chr3,128492252.0,128492252,chr3,352.3675231933594,366.18438720703125,359.2759552001953
cg10709593,chr2,172088154.0,172088154,chr2,306.42840576171875,412.00445556640625,359.2164306640625
cg05444816,chr11,2141175.0,2141175,chr11,323.9277648925781,394.49139404296875,359.20957946777344
cg07119829,chr2,222303767.0,222303767,chr2,343.001953125,374.8643798828125,358.93316650390625
cg13357393,chr12,54000755.0,54000755,chr12,352.794921875,364.80792236328125,358.8014221191406
cg07915921,chr12,53927717.0,53927717,chr12,300.8226623535156,416.693359375,358.7580108642578
cg05034973,chr10,117534820.0,117534820,chr10,314.97198486328125,402.3697814941406,358.67088317871094
cg17167253,chr2,118845806.0,118845806,chr2,340.384521484375,376.7192687988281,358.55189514160156
cg06559274,chr6,108166698.0,108166698,chr6,296.94940185546875,420.1095275878906,358.5294647216797
cg18094907,chr9,124015737.0,124015737,chr9,299.8807373046875,417.111572265625,358.49615478515625
cg09670535,chr1,18632932.0,18632932,chr1,309.68896484375,406.8770751953125,358.28302001953125
cg14374754,chr9,93952012.0,93952012,chr9,322.0479431152344,394.49139404296875,358.26966857910156
cg22114840,chr19,1750212.0,1750212,chr19,324.79107666015625,391.27569580078125,358.03338623046875
cg16332936,chr22,19761386.0,19761386,chr22,309.0075378417969,406.70880126953125,357.85816955566406
cg01452847,chr17,48633978.0,48633978,chr17,337.06329345703125,378.5203857421875,357.7918395996094
cg24052359,chr7,157020879.0,157020879,chr7,325.6715087890625,389.6498107910156,357.66065979003906
cg00263760,chr10,117137854.0,117137854,chr10,289.50128173828125,425.8140869140625,357.6576843261719
cg22671421,chr10,100748221.0,100748221,chr10,327.63189697265625,387.258056640625,357.4449768066406
cg24121424,chr7,157009234.0,157009234,chr7,327.8890686035156,386.705078125,357.2970733642578
cg06942701,chr2,161423497.0,161423497,chr2,297.58367919921875,416.6297912597656,357.1067352294922
cg02435495,chr17,37743297.0,37743297,chr17,311.4060974121094,402.806640625,357.1063690185547
cg23932491,chr10,117535544.0,117535544,chr10,288.5163879394531,425.4344787597656,356.9754333496094
cg02558627,chr17,79798595.0,79798595,chr17,330.84490966796875,383.0596008300781,356.95225524902344
cg15552158,chr2,172088541.0,172088541,chr2,318.42633056640625,395.4308776855469,356.92860412597656
cg12659883,chr1,119000433.0,119000433,chr1,300.53155517578125,413.14202880859375,356.8367919921875
cg19340889,chr6,108167596.0,108167596,chr6,257.6982116699219,455.6473388671875,356.6727752685547
cg11328436,chr12,53966726.0,53966726,chr12,300.6270751953125,412.4402160644531,356.5336456298828
cg12993163,chr3,158103617.0,158103617,chr3,299.5729675292969,413.3110046386719,356.4419860839844
cg24672833,chr17,48581955.0,48581955,chr17,342.0157775878906,370.8004455566406,356.4081115722656
cg27421939,chr17,48747364.0,48747364,chr17,328.25982666015625,384.5534973144531,356.4066619873047
cg06382344,chr2,161424007.0,161424007,chr2,277.5419616699219,434.7112731933594,356.1266174316406
cg03333634,chr8,11697741.0,11697741,chr8,266.2674560546875,445.8315124511719,356.0494842529297
cg05847586,chr2,45008372.0,45008372,chr2,302.1257019042969,409.968994140625,356.04734802246094
cg17649293,chr2,70907660.0,70907660,chr2,329.07012939453125,382.9871826171875,356.0286560058594
cg16945312,chr6,1392792.0,1392792,chr6,315.9999694824219,395.985107421875,355.99253845214844
cg13166213,chr8,11703053.0,11703053,chr8,342.69775390625,368.844482421875,355.7711181640625
cg04445871,chr3,137761907.0,137761907,chr3,307.7738037109375,403.6755065917969,355.7246551513672
cg23319285,chr10,99527994.0,99527994,chr10,329.43963623046875,381.89349365234375,355.66656494140625
cg09073539,chr10,100750699.0,100750699,chr10,319.56207275390625,391.6753234863281,355.6186981201172
cg11806178,chr20,40691288.0,40691288,chr20,301.0993957519531,410.1268310546875,355.6131134033203
cg01630690,chr14,36522795.0,36522795,chr14,299.67950439453125,411.5453796386719,355.61244201660156
cg04931216,chr1,50419459.0,50419459,chr1,299.55426025390625,411.6517028808594,355.6029815673828
cg03774463,chr7,97007303.0,97007303,chr7,297.0793762207031,414.101806640625,355.59059143066406
cg18709545,chr10,117133380.0,117133380,chr10,317.7131042480469,393.3437194824219,355.5284118652344
cg04681554,chr7,27243789.0,27243789,chr7,326.3412780761719,384.6700744628906,355.50567626953125
cg01396176,chr12,114443977.0,114443977,chr12,332.80865478515625,378.16937255859375,355.489013671875
cg02488942,chr2,104864228.0,104864228,chr2,296.87896728515625,414.0667724609375,355.4728698730469
cg11469061,chr11,31804872.0,31804872,chr11,300.4055480957031,410.05596923828125,355.2307586669922
cg22478121,chr2,19356304.0,19356304,chr2,301.5771789550781,408.7836608886719,355.180419921875
cg07077013,chr2,176160469.0,176160469,chr2,302.34808349609375,407.6138610839844,354.98097229003906
cg04851742,chr13,27929370.0,27929370,chr13,310.5669250488281,399.1262512207031,354.8465881347656
cg27225220,chr1,197912643.0,197912643,chr1,324.9226989746094,384.5534973144531,354.73809814453125
cg23885108,chr17,39599496.0,39599496,chr17,340.6146240234375,368.810302734375,354.71246337890625
cg02387326,chr12,53951894.0,53951894,chr12,306.30426025390625,403.0897521972656,354.69700622558594
cg16635480,chr6,149964678.0,149964678,chr6,324.0614929199219,385.09967041015625,354.58058166503906
cg13180315,chr2,176159565.0,176159565,chr2,340.3103942871094,368.4326171875,354.3715057373047
cg19391276,chr6,99607908.0,99607908,chr6,303.8526916503906,404.6693420410156,354.2610168457031
cg14267095,chr9,37026447.0,37026447,chr9,309.4223327636719,398.58453369140625,354.00343322753906
cg13677149,chr7,27245169.0,27245169,chr7,299.8807373046875,408.095947265625,353.98834228515625
cg15370180,chr10,23195396.0,23195396,chr10,316.70166015625,391.0772705078125,353.88946533203125
cg01387625,chr2,113277615.0,113277615,chr2,300.0484313964844,407.5377197265625,353.79307556152344
cg13872950,chr17,48543097.0,48543097,chr17,323.3383483886719,384.05987548828125,353.69911193847656
cg11042214,chr10,101146473.0,101146473,chr10,300.6874084472656,406.6233825683594,353.6553955078125
cg12597983,chr17,61454334.0,61454334,chr17,317.9986877441406,389.07769775390625,353.53819274902344
cg26434983,chr15,89409672.0,89409672,chr15,298.93768310546875,408.1076965332031,353.52268981933594
cg15750546,chr21,36708674.0,36708674,chr21,342.1777648925781,364.52667236328125,353.3522186279297
cg08094175,chr15,89409752.0,89409752,chr15,314.2874450683594,392.29443359375,353.2909393310547
cg16928066,chr2,72920684.0,72920684,chr2,269.1632385253906,436.9784851074219,353.07086181640625
cg10588696,chr15,76339552.0,76339552,chr15,312.0764465332031,394.0284423828125,353.0524444580078
cg26079753,chr12,53961743.0,53961743,chr12,308.74945068359375,397.3022766113281,353.02586364746094
cg01461824,chr17,48738923.0,48738923,chr17,297.91339111328125,408.1076965332031,353.0105438232422
cg08067566,chr4,13527657.0,13527657,chr4,323.8931884765625,382.1087341308594,353.00096130371094
cg19861741,chr5,171315603.0,171315603,chr5,295.3359069824219,410.6357421875,352.98582458496094
cg15508379,chr11,2141207.0,2141207,chr11,334.71673583984375,371.077392578125,352.8970642089844
cg20449590,chr1,147079651.0,147079651,chr1,333.1181945800781,372.4921875,352.80519104003906
cg12597169,chr2,222301374.0,222301374,chr2,330.9912414550781,373.6429443359375,352.3170928955078
cg01602690,chr2,176122432.0,176122432,chr2,301.9293518066406,402.4180908203125,352.17372131347656
cg16851417,chr21,36704741.0,36704741,chr21,314.6036376953125,389.4969787597656,352.05030822753906
cg24612667,chr11,124865657.0,124865657,chr11,301.61737060546875,402.1821594238281,351.89976501464844
cg11091113,chr14,36663962.0,36663962,chr14,273.6386413574219,430.1038818359375,351.8712615966797
cg15506609,chr7,27166453.0,27166453,chr7,346.75201416015625,356.831298828125,351.7916564941406
cg06341701,chr2,176121532.0,176121532,chr2,309.0198669433594,394.49139404296875,351.75563049316406
cg22743761,chr2,161417136.0,161417136,chr2,302.398193359375,401.089111328125,351.74365234375
cg09975620,chr13,27924246.0,27924246,chr13,297.1528625488281,406.1373291015625,351.6450958251953
cg22311200,chr17,48618151.0,48618151,chr17,297.9001159667969,405.3734436035156,351.63677978515625
cg08406102,chr10,117532618.0,117532618,chr10,288.5992126464844,414.5502014160156,351.57470703125
cg04845649,chr16,67165559.0,67165559,chr16,310.59417724609375,392.3616027832031,351.47789001464844
cg21977377,chr20,21512184.0,21512184,chr20,320.3074645996094,382.595458984375,351.4514617919922
cg19819837,chr5,146342953.0,146342953,chr5,308.5826416015625,394.0732727050781,351.3279571533203
cg09277376,chr1,47434003.0,47434003,chr1,316.7525329589844,385.8102722167969,351.2814025878906
cg24127719,chr21,36696359.0,36696359,chr21,328.91387939453125,373.57000732421875,351.241943359375
cg00456637,chr14,36581249.0,36581249,chr14,297.0793762207031,405.09991455078125,351.0896453857422
cg00218447,chr12,54034386.0,54034386,chr12,331.16326904296875,370.8004455566406,350.9818572998047
cg05371578,chr3,147410369.0,147410369,chr3,312.4627685546875,389.06634521484375,350.7645568847656
cg03386144,chr17,48582388.0,48582388,chr17,301.8239440917969,399.53814697265625,350.68104553222656
cg04275490,chr4,54101255.0,54101255,chr4,291.87493896484375,409.3330993652344,350.60401916503906
cg22964918,chr7,27246455.0,27246455,chr7,307.8448791503906,393.2666320800781,350.5557556152344
cg17987112,chr5,174731650.0,174731650,chr5,295.85589599609375,405.2304382324219,350.5431671142578
cg03972665,chr4,110618868.0,110618868,chr4,306.5820617675781,394.3216552734375,350.4518585205078
cg06008926,chr5,171313668.0,171313668,chr5,304.6714782714844,395.5209655761719,350.0962219238281
cg03915648,chr12,114692318.0,114692318,chr12,339.4876403808594,360.4483337402344,349.9679870605469
cg20738500,chr15,89377924.0,89377924,chr15,316.11651611328125,383.7189025878906,349.91770935058594
cg25780671,chr5,77637129.0,77637129,chr5,309.44488525390625,390.2505187988281,349.8477020263672
cg00462525,chr2,161418884.0,161418884,chr2,281.28106689453125,418.10009765625,349.6905822753906
cg11930926,chr4,173508174.0,173508174,chr4,293.6097106933594,405.712646484375,349.6611785888672
cg03007522,chr8,11705175.0,11705175,chr8,314.52178955078125,384.2825622558594,349.4021759033203
cg01323049,chr2,19357634.0,19357634,chr2,311.51788330078125,387.27667236328125,349.39727783203125
cg03538169,chr6,149939019.0,149939019,chr6,320.10052490234375,378.5283508300781,349.31443786621094
cg15668468,chr10,117133357.0,117133357,chr10,313.60595703125,384.9986572265625,349.30230712890625
cg24644551,chr6,99603041.0,99603041,chr6,308.89154052734375,389.60516357421875,349.24835205078125
cg05732832,chr4,4866995.0,4866995,chr4,303.4299621582031,394.9186096191406,349.1742858886719
cg08368654,chr6,1378632.0,1378632,chr6,312.91070556640625,385.3237609863281,349.1172332763672
cg14215586,chr12,54000760.0,54000760,chr12,343.8099365234375,354.31817626953125,349.0640563964844
cg10040836,chr15,96332459.0,96332459,chr15,299.55426025390625,398.3505859375,348.9524230957031
cg16113681,chr22,19761401.0,19761401,chr22,301.8442077636719,395.7674560546875,348.8058319091797
cg14977066,chr1,50425522.0,50425522,chr1,344.91302490234375,352.57525634765625,348.744140625
cg06215569,chr1,110068842.0,110068842,chr1,330.1797180175781,367.286865234375,348.73329162597656
cg16656895,chr10,117545805.0,117545805,chr10,291.93585205078125,405.43011474609375,348.6829833984375
cg09601584,chr17,48596547.0,48596547,chr17,312.1290588378906,385.12481689453125,348.62693786621094
cg16300300,chr13,27927228.0,27927228,chr13,308.89154052734375,388.0860595703125,348.4888000488281
cg13604337,chr12,53927868.0,53927868,chr12,335.24249267578125,361.6273498535156,348.43492126464844
cg20815297,chr4,13540038.0,13540038,chr4,304.7808532714844,391.80548095703125,348.2931671142578
cg03970319,chr7,1235115.0,1235115,chr7,324.362548828125,372.1802978515625,348.27142333984375
cg12820681,chr7,155373594.0,155373594,chr7,298.98553466796875,397.46722412109375,348.22637939453125
cg06382559,chr10,101136882.0,101136882,chr10,315.7127380371094,380.5887756347656,348.1507568359375
cg07165811,chr19,3360733.0,3360733,chr19,302.2839660644531,393.8268737792969,348.055419921875
cg14394550,chr8,22690886.0,22690886,chr8,319.93511962890625,376.1607666015625,348.0479431152344
cg09185650,chr6,37696761.0,37696761,chr6,304.4562683105469,391.4814147949219,347.9688415527344
cg21844029,chr14,36514585.0,36514585,chr14,303.4350280761719,392.3616027832031,347.8983154296875
cg06926934,chr15,96332445.0,96332445,chr15,273.0444030761719,422.5002136230469,347.7723083496094
cg06007282,chr2,45004327.0,45004327,chr2,304.7609558105469,390.6686706542969,347.7148132324219
cg18402615,chr10,123137142.0,123137142,chr10,325.26904296875,370.123779296875,347.6964111328125
cg20368988,chr16,86509336.0,86509336,chr16,323.9277648925781,371.12396240234375,347.52586364746094
cg09232478,chr1,119006228.0,119006228,chr1,307.7738037109375,387.27667236328125,347.5252380371094
cg22876812,chr2,70889057.0,70889057,chr2,306.30426025390625,388.70501708984375,347.504638671875
cg18724581,chr12,48980376.0,48980376,chr12,322.2563781738281,372.4292297363281,347.3428039550781
cg12131828,chr17,48586285.0,48586285,chr17,301.6551818847656,392.97137451171875,347.3132781982422
cg16043357,chr10,117138392.0,117138392,chr10,290.06109619140625,404.502685546875,347.2818908691406
cg26521404,chr7,27165361.0,27165361,chr7,320.8431701660156,373.46563720703125,347.15440368652344
cg16243019,chr7,97007433.0,97007433,chr7,286.63531494140625,407.6138610839844,347.1245880126953
cg07990736,chr9,37026420.0,37026420,chr9,304.41070556640625,389.8245544433594,347.1176300048828
cg07115542,chr14,36519237.0,36519237,chr14,312.6962585449219,381.4194030761719,347.0578308105469
cg00522018,chr9,136199531.0,136199531,chr9,276.8921203613281,417.111572265625,347.00184631347656
cg03987115,chr7,27173250.0,27173250,chr7,338.6258850097656,355.0466003417969,346.83624267578125
cg20987089,chr22,19759616.0,19759616,chr22,284.10198974609375,409.43023681640625,346.76611328125
cg21029612,chr15,89378026.0,89378026,chr15,314.5015869140625,379.0189514160156,346.76026916503906
cg01550055,chr1,119000592.0,119000592,chr1,264.7687683105469,428.7256164550781,346.7471923828125
cg25617340,chr14,36658805.0,36658805,chr14,303.8409423828125,389.638427734375,346.73968505859375
cg09944171,chr16,56635865.0,56635865,chr16,313.5557556152344,379.8228454589844,346.6893005371094
cg16441259,chr8,11700396.0,11700396,chr8,337.52520751953125,355.7768249511719,346.65101623535156
cg05839235,chr5,32712130.0,32712130,chr5,285.9940185546875,407.20263671875,346.59832763671875
cg18638496,chr4,80266043.0,80266043,chr4,327.1284484863281,366.02703857421875,346.57774353027344
cg13158481,chr2,176123851.0,176123851,chr2,310.32861328125,382.595458984375,346.4620361328125
cg06351066,chr7,155454268.0,155454268,chr7,291.626220703125,401.1847839355469,346.40550231933594
cg17444738,chr4,84496815.0,84496815,chr4,303.9638977050781,388.734375,346.34913635253906
cg22827250,chr5,135028132.0,135028132,chr5,292.7469177246094,399.91485595703125,346.3308868408203
cg07696033,chr11,44304859.0,44304859,chr11,281.13946533203125,411.35211181640625,346.24578857421875
cg05295557,chr14,36519240.0,36519240,chr14,305.09625244140625,387.3629455566406,346.22959899902344
cg24931632,chr1,47433994.0,47433994,chr1,314.0726623535156,378.380615234375,346.2266387939453
cg19567891,chr15,89377851.0,89377851,chr15,292.27398681640625,400.1240234375,346.1990051269531
cg25574024,chr11,2140663.0,2140663,chr11,296.9648132324219,395.20355224609375,346.0841827392578
cg08975922,chr6,1378441.0,1378441,chr6,293.6097106933594,398.4468078613281,346.02825927734375
cg04154903,chr12,48980536.0,48980536,chr12,314.4330749511719,377.5710144042969,346.0020446777344
cg01370541,chr4,41880794.0,41880794,chr4,297.91339111328125,393.8385009765625,345.8759460449219
cg16840358,chr3,27723992.0,27723992,chr3,295.3359069824219,396.3355407714844,345.8357238769531
cg05539217,chr10,117544867.0,117544867,chr10,265.73419189453125,425.5843505859375,345.6592712402344
cg12192691,chr7,27252075.0,27252075,chr7,303.128662109375,388.04571533203125,345.5871887207031
cg16307674,chr7,155378172.0,155378172,chr7,292.8011474609375,398.2274475097656,345.51429748535156
cg02491396,chr2,172101699.0,172101699,chr2,316.8025817871094,374.20147705078125,345.5020294189453
cg06375967,chr15,76341022.0,76341022,chr15,333.58917236328125,357.2490234375,345.4190979003906
cg07328317,chr4,173508720.0,173508720,chr4,301.25408935546875,389.42803955078125,345.341064453125
cg20743365,chr1,197918583.0,197918583,chr1,334.9634094238281,355.55810546875,345.26075744628906
cg27112666,chr6,99602914.0,99602914,chr6,301.8239440917969,388.3338928222656,345.07891845703125
cg01913455,chr17,61401708.0,61401708,chr17,315.081787109375,374.71588134765625,344.8988342285156
cg11325267,chr3,137762010.0,137762010,chr3,289.50128173828125,400.1344909667969,344.81788635253906
cg19858749,chr12,114444262.0,114444262,chr12,294.3695983886719,395.2172546386719,344.7934265136719
cg23042706,chr15,96332551.0,96332551,chr15,295.3359069824219,394.0732727050781,344.70458984375
cg08522176,chr11,124865501.0,124865501,chr11,309.2658386230469,380.13543701171875,344.7006378173828
cg16405019,chr1,18633130.0,18633130,chr1,292.96356201171875,396.3355407714844,344.64955139160156
cg26165269,chr17,79791714.0,79791714,chr17,316.6383972167969,372.3817138671875,344.5100555419922
cg03785696,chr7,27184840.0,27184840,chr7,316.4870910644531,372.3817138671875,344.4344024658203
cg26307926,chr2,70889634.0,70889634,chr2,259.51617431640625,429.30023193359375,344.408203125
cg15441392,chr8,26042503.0,26042503,chr8,320.88897705078125,367.65130615234375,344.2701416015625
cg12117141,chr8,11700659.0,11700659,chr8,287.4825134277344,400.8518371582031,344.16717529296875
cg16263887,chr4,190018074.0,190018074,chr4,277.1709289550781,411.1395263671875,344.1552276611328
cg19224201,chr2,118857438.0,118857438,chr2,298.21734619140625,389.87347412109375,344.04541015625
cg04023996,chr1,50427121.0,50427121,chr1,342.4007873535156,345.5213623046875,343.96107482910156
cg14064356,chr2,222301033.0,222301033,chr2,312.11639404296875,375.7704772949219,343.9434356689453
cg12305200,chr2,118849520.0,118849520,chr2,300.93212890625,386.5788879394531,343.75550842285156
cg01652665,chr14,36518516.0,36518516,chr14,321.7441711425781,365.52178955078125,343.6329803466797
cg25772723,chr3,128492282.0,128492282,chr3,325.5038757324219,361.70086669921875,343.6023712158203
cg01899038,chr5,146342827.0,146342827,chr5,275.51593017578125,411.6517028808594,343.5838165283203
cg09076431,chr1,197920032.0,197920032,chr1,308.5826416015625,378.5203857421875,343.551513671875
cg23188704,chr5,171313900.0,171313900,chr5,313.43084716796875,373.5392150878906,343.4850311279297
cg04167595,chr8,11698038.0,11698038,chr8,268.47711181640625,418.4698486328125,343.4734802246094
cg08408994,chr11,44309407.0,44309407,chr11,275.22821044921875,411.6517028808594,343.43995666503906
cg21548155,chr11,32434793.0,32434793,chr11,303.9638977050781,382.595458984375,343.27967834472656
cg10647101,chr22,19756502.0,19756502,chr22,304.2970886230469,382.250244140625,343.27366638183594
cg04865691,chr13,112069106.0,112069106,chr13,277.46832275390625,409.00335693359375,343.23583984375
cg16137147,chr1,220894553.0,220894553,chr1,311.15283203125,375.2228698730469,343.18785095214844
cg12670347,chr12,114409772.0,114409772,chr12,313.4127502441406,372.7099609375,343.0613555908203
cg20348858,chr10,117545823.0,117545823,chr10,282.9697570800781,403.0897521972656,343.0297546386719
cg14491820,chr10,101227050.0,101227050,chr10,277.78753662109375,408.18157958984375,342.98455810546875
cg02455094,chr18,57436845.0,57436845,chr18,280.22833251953125,405.6955871582031,342.9619598388672
cg25281186,chr1,50428157.0,50428157,chr1,318.9515380859375,366.8556823730469,342.9036102294922
cg27190385,chr6,10421631.0,10421631,chr6,277.6689453125,408.1076965332031,342.88832092285156
cg17042009,chr10,99533325.0,99533325,chr10,315.23504638671875,370.2389221191406,342.7369842529297
cg09956859,chr10,99533331.0,99533331,chr10,311.78790283203125,373.67138671875,342.7296447753906
cg16302790,chr13,27924196.0,27924196,chr13,299.0619812011719,386.3747253417969,342.7183532714844
cg25662463,chr10,117138345.0,117138345,chr10,271.3169250488281,414.0285949707031,342.6727600097656
cg24658517,chr1,220891979.0,220891979,chr1,297.0755310058594,388.0860595703125,342.58079528808594
cg22030072,chr2,118846096.0,118846096,chr2,313.4947509765625,371.3546447753906,342.42469787597656
cg18668780,chr10,101123407.0,101123407,chr10,312.42059326171875,372.37872314453125,342.399658203125
cg08206318,chr5,135027946.0,135027946,chr5,297.61102294921875,387.1673889160156,342.3892059326172
cg16315058,chr12,114406001.0,114406001,chr12,296.957275390625,387.3629455566406,342.1601104736328
cg03460137,chr6,99603603.0,99603603,chr6,303.29693603515625,381.00799560546875,342.1524658203125
cg14381623,chr9,136199803.0,136199803,chr9,329.0627746582031,354.8959655761719,341.9793701171875
cg11165752,chr7,27158569.0,27158569,chr7,295.8628234863281,388.0860595703125,341.9744415283203
cg06254440,chr9,124017005.0,124017005,chr9,309.1468200683594,374.71588134765625,341.9313507080078
cg03330710,chr8,23706058.0,23706058,chr8,326.1249084472656,357.6894836425781,341.9071960449219
cg14750948,chr3,147412689.0,147412689,chr3,252.05958557128906,431.7156677246094,341.8876266479492
cg14166485,chr9,124017090.0,124017090,chr9,292.483642578125,391.16357421875,341.8236083984375
cg23634124,chr17,49972587.0,49972587,chr17,347.1127624511719,336.4763488769531,341.7945556640625
cg26339504,chr10,117138347.0,117138347,chr10,271.693359375,411.8184509277344,341.7559051513672
cg10210909,chr8,11701978.0,11701978,chr8,330.3822326660156,352.56195068359375,341.4720916748047
cg24767540,chr10,101225956.0,101225956,chr10,302.7794494628906,380.1294250488281,341.4544372558594
cg07274716,chr5,135028282.0,135028282,chr5,327.6195983886719,354.8959655761719,341.2577819824219
cg24865270,chr6,10422213.0,10422213,chr6,294.98834228515625,387.4985656738281,341.2434539794922
cg16361966,chr10,123146269.0,123146269,chr10,296.29833984375,385.8420715332031,341.07020568847656
cg20659435,chr10,75396459.0,75396459,chr10,292.0873107910156,389.8321838378906,340.9597473144531
cg03698009,chr7,27164729.0,27164729,chr7,319.7398376464844,361.9497985839844,340.8448181152344
cg00204782,chr22,19765840.0,19765840,chr22,305.09625244140625,376.5652770996094,340.8307647705078
cg21889472,chr5,42992452.0,42992452,chr5,303.366943359375,378.271240234375,340.819091796875
cg25966893,chr6,99602893.0,99602893,chr6,293.1843566894531,388.3338928222656,340.7591247558594
cg14826425,chr7,27193217.0,27193217,chr7,315.0891418457031,366.3482360839844,340.71868896484375
cg13791131,chr11,2140661.0,2140661,chr11,286.06854248046875,395.1646423339844,340.61659240722656
cg14383658,chr10,101139504.0,101139504,chr10,314.9787902832031,366.18438720703125,340.5815887451172
cg16268160,chr11,124865321.0,124865321,chr11,295.55126953125,385.60162353515625,340.5764465332031
cg01719210,chr2,70901060.0,70901060,chr2,280.08026123046875,400.8518371582031,340.46604919433594
cg21476673,chr17,48614180.0,48614180,chr17,301.61737060546875,379.2748107910156,340.4460906982422
cg06500120,chr4,54100822.0,54100822,chr4,294.18829345703125,386.6351623535156,340.41172790527344
cg12856183,chr15,89409801.0,89409801,chr15,312.298583984375,368.4405822753906,340.3695831298828
cg01580681,chr4,173528864.0,173528864,chr4,283.5722351074219,397.0740051269531,340.3231201171875
cg22598426,chr4,84496601.0,84496601,chr4,286.2989807128906,394.00787353515625,340.15342712402344
cg05545672,chr5,171312536.0,171312536,chr5,322.01446533203125,358.03399658203125,340.02423095703125
cg09559189,chr8,26040895.0,26040895,chr8,252.81558227539062,427.2219543457031,340.0187683105469
cg11666559,chr1,220894319.0,220894319,chr1,285.75152587890625,394.2497253417969,340.00062561035156
cg17978124,chr6,99605561.0,99605561,chr6,296.87225341796875,383.1229248046875,339.9975891113281
cg11551740,chr17,49971725.0,49971725,chr17,324.94122314453125,354.752197265625,339.8467102050781
cg06306198,chr3,147411210.0,147411210,chr3,289.3738708496094,390.275634765625,339.8247528076172
