seqnames,start,end,width,strand,pr,delta,number,index,X0,X18,X25,X82,X86,X100
chr17,81959331,81962097,2767,*,27.447,369,1,25524,0.038,0.058,0.06,0.07,0.08,0.071
chr1,29121244,29125156,3913,*,21.562,401,2,1598,0.047,0.06,0.065,0.075,0.067,0.083
chr22,41913768,41915642,1875,*,20.919,224,3,38608,0.03,0.045,0.079,0.068,0.067,0.083
chr1,2528991,2531141,2151,*,18.859,201,4,198,0.027,0.024,0.033,0.029,0.031,0.049
chr7,100894627,100897622,2996,*,18.683,282,5,51671,0.046,0.064,0.064,0.065,0.071,0.055
chr11,64291231,64293002,1772,*,18.455,173,6,9897,0.056,0.04,0.045,0.072,0.066,0.087
chr1,998123,1002448,4326,*,17.961,453,7,41,0.026,0.039,0.062,0.061,0.071,0.061
chr8,144331601,144335227,3627,*,17.929,310,8,55236,0.07,0.111,0.102,0.13,0.121,0.128
chr8,144335304,144339515,4212,*,17.806,359,9,55237,0.051,0.054,0.047,0.077,0.084,0.079
chr20,64047901,64049978,2078,*,17.514,277,10,36341,0.046,0.088,0.138,0.16,0.153,0.171
chr1,6241179,6243156,1978,*,16.92,140,11,452,0.051,0.061,0.058,0.06,0.067,0.107
chr19,1236664,1238557,1894,*,16.918,214,12,26955,0.038,0.048,0.038,0.047,0.03,0.047
chr19,1285243,1286909,1667,*,16.916,201,13,26966,0.069,0.082,0.073,0.076,0.103,0.084
chr2,74513073,74516665,3593,*,16.895,304,14,31649,0.039,0.085,0.08,0.1,0.098,0.132
chr17,81392637,81400906,8270,*,16.873,693,15,25464,0.032,0.032,0.06,0.055,0.062,0.091
chr12,1529700,1532004,2305,*,16.769,276,16,11658,0.043,0.048,0.049,0.074,0.065,0.078
chr1,939900,943375,3476,*,16.483,309,17,32,0.047,0.049,0.043,0.052,0.054,0.037
chr13,99977641,99985990,8350,*,16.351,651,18,15312,0.023,0.047,0.056,0.073,0.077,0.091
chr8,143426060,143431742,5683,*,16.316,484,19,55149,0.044,0.062,0.072,0.084,0.075,0.092
chr10,22320017,22322685,2669,*,16.132,291,20,6148,0.015,0.031,0.042,0.041,0.039,0.023
chr1,228635376,228635471,96,*,15.89,10,21,5222,0.6,0.633,0.175,0.096,0.594,0.132
chr17,76537317,76538572,1256,*,15.866,147,22,25084,0.058,0.084,0.083,0.095,0.11,0.078
chr17,80474411,80479267,4857,*,15.638,443,23,25383,0.03,0.043,0.05,0.066,0.073,0.07
chr9,137167703,137170244,2542,*,15.61,261,24,57803,0.051,0.054,0.053,0.064,0.061,0.055
chr16,559625,561130,1506,*,15.527,178,25,19570,0.111,0.066,0.13,0.075,0.063,0.161
chr1,923217,926382,3166,*,15.495,352,26,29,0.031,0.035,0.034,0.039,0.039,0.037
chr17,81340931,81342174,1244,*,15.395,130,27,25460,0.081,0.096,0.169,0.174,0.157,0.241
chr16,88938708,88942321,3614,*,15.251,326,28,22222,0.049,0.083,0.092,0.103,0.087,0.067
chr17,2057880,2058073,194,*,15.159,20,29,22491,0.055,0.163,0.326,0.558,0.588,0.603
chr17,79808757,79816062,7306,*,15.039,557,30,25340,0.046,0.049,0.063,0.077,0.085,0.091
chr17,74859339,74862455,3117,*,15.007,267,31,24959,0.049,0.07,0.067,0.067,0.072,0.075
chr22,38454084,38456459,2376,*,14.894,247,32,38410,0.023,0.035,0.041,0.046,0.05,0.043
chr1,1032505,1034715,2211,*,14.742,207,33,46,0.081,0.092,0.062,0.089,0.096,0.097
chr9,136842271,136849997,7727,*,14.692,726,34,57753,0.118,0.121,0.119,0.141,0.162,0.178
chr1,154501557,154502963,1407,*,14.546,166,35,3723,0.093,0.074,0.095,0.127,0.093,0.179
chr19,7915832,7918482,2651,*,14.408,219,36,27527,0.055,0.07,0.078,0.079,0.082,0.07
chr8,70069052,70072970,3919,*,14.024,299,37,54164,0.032,0.066,0.095,0.129,0.12,0.148
chr14,103103502,103105270,1769,*,14.013,143,38,17280,0.123,0.057,0.079,0.104,0.104,0.154
chr20,63004819,63010946,6128,*,13.903,487,39,36213,0.064,0.076,0.088,0.076,0.095,0.113
chr22,39456944,39458485,1542,*,13.893,193,40,38488,0.064,0.045,0.048,0.061,0.085,0.092
chr5,139647678,139651247,3570,*,13.73,292,41,45582,0.015,0.039,0.051,0.051,0.05,0.043
chr16,2966776,2967739,964,*,13.698,113,42,19820,0.093,0.122,0.128,0.163,0.177,0.198
chr22,37560095,37561939,1845,*,13.67,198,43,38357,0.04,0.031,0.052,0.07,0.077,0.063
chr19,1466767,1471833,5067,*,13.655,518,44,26992,0.059,0.074,0.069,0.094,0.086,0.098
chr1,6447013,6450713,3701,*,13.643,221,45,468,0.057,0.067,0.076,0.09,0.085,0.093
chr1,3649466,3653383,3918,*,13.583,347,46,342,0.042,0.077,0.084,0.096,0.104,0.109
chr7,5417808,5430347,12540,*,13.58,856,47,50062,0.021,0.062,0.066,0.073,0.074,0.048
chr16,2962411,2965824,3414,*,13.531,217,48,19819,0.067,0.092,0.111,0.106,0.112,0.076
chr3,46881390,46883691,2302,*,13.388,246,49,39847,0.033,0.05,0.062,0.063,0.06,0.069
chr14,105167273,105169482,2210,*,13.31,319,50,17413,0.025,0.031,0.029,0.047,0.053,0.053
chr12,49344527,49348094,3568,*,13.288,226,51,12481,0.031,0.045,0.045,0.057,0.067,0.051
chr11,1388637,1391844,3208,*,13.193,337,52,8588,0.059,0.056,0.074,0.099,0.09,0.112
chr17,76867982,76870716,2735,*,13.186,267,53,25105,0.054,0.061,0.076,0.074,0.078,0.099
chr22,41909804,41911491,1688,*,13.092,183,54,38607,0.068,0.089,0.114,0.112,0.135,0.142
chr11,829181,831236,2056,*,13.032,164,55,8558,0.054,0.058,0.056,0.051,0.074,0.098
chr4,1792806,1795551,2746,*,12.99,351,56,41983,0.024,0.052,0.061,0.07,0.069,0.066
chr13,99967617,99976122,8506,*,12.968,551,57,15311,0.039,0.071,0.068,0.097,0.115,0.132
chr11,65786278,65788589,2312,*,12.958,240,58,10024,0.031,0.07,0.081,0.099,0.101,0.089
chr17,79789543,79790578,1036,*,12.875,100,59,25337,0.074,0.074,0.149,0.118,0.128,0.175
chr11,64712177,64714201,2025,*,12.851,207,60,9931,0.071,0.063,0.076,0.074,0.092,0.126
chr1,47436491,47439778,3288,*,12.828,348,61,2291,0.015,0.03,0.027,0.041,0.05,0.042
chr3,128485966,128493801,7836,*,12.671,579,62,40906,0.052,0.039,0.042,0.057,0.05,0.061
chr11,46387877,46393209,5333,*,12.669,403,63,9423,0.041,0.054,0.058,0.069,0.069,0.061
chr20,63173911,63180263,6353,*,12.596,509,64,36231,0.053,0.062,0.057,0.078,0.084,0.101
chr22,20436286,20438533,2248,*,12.567,217,65,37683,0.032,0.061,0.054,0.074,0.074,0.102
chr19,589255,591113,1859,*,12.562,263,66,26860,0.053,0.034,0.024,0.04,0.043,0.059
chr2,10078901,10081418,2518,*,12.437,205,67,30542,0.018,0.09,0.102,0.104,0.095,0.03
chr6,166307021,166308786,1766,*,12.337,198,68,49598,0.036,0.057,0.071,0.057,0.059,0.079
chr14,100567056,100569570,2515,*,12.284,253,69,17155,0.024,0.049,0.052,0.052,0.055,0.056
chr3,184228811,184231570,2760,*,12.273,231,70,41518,0.037,0.054,0.061,0.068,0.066,0.049
chr20,21394579,21399615,5037,*,12.25,302,71,34791,0.038,0.073,0.096,0.128,0.16,0.171
chr4,2057979,2060665,2687,*,12.164,334,72,41993,0.025,0.09,0.1,0.09,0.081,0.043
chr7,151166879,151169018,2140,*,12.149,194,73,52457,0.021,0.039,0.044,0.042,0.043,0.045
chr8,142449049,142453653,4605,*,12.111,474,74,55072,0.03,0.029,0.035,0.031,0.025,0.035
chr20,58854203,58855113,911,*,12.073,92,75,36004,0.373,0.345,0.58,0.466,0.481,0.328
chr16,3045235,3047735,2501,*,12.047,186,76,19835,0.055,0.082,0.085,0.097,0.094,0.082
chr17,1228017,1230397,2381,*,12.043,253,77,22418,0.064,0.085,0.078,0.08,0.086,0.078
chr22,19765182,19768257,3076,*,12.042,263,78,37634,0.033,0.06,0.066,0.088,0.102,0.069
chr3,184379800,184381916,2117,*,12.012,208,79,41529,0.038,0.03,0.019,0.034,0.023,0.068
chr19,55450995,55453079,2085,*,11.977,178,80,30136,0.042,0.069,0.049,0.056,0.081,0.068
chr4,784951,786764,1814,*,11.971,168,81,41904,0.103,0.125,0.153,0.187,0.248,0.218
chr11,64299092,64301520,2429,*,11.892,175,82,9899,0.064,0.108,0.126,0.126,0.123,0.095
chr14,103520726,103523495,2770,*,11.812,335,83,17308,0.033,0.055,0.046,0.061,0.072,0.075
chr1,155078679,155083079,4401,*,11.789,321,84,3757,0.024,0.026,0.028,0.03,0.04,0.039
chr18,23134252,23137255,3004,*,11.782,289,85,25985,0.036,0.059,0.069,0.085,0.089,0.081
chr5,139794979,139796719,1741,*,11.762,139,86,45599,0.034,0.039,0.056,0.061,0.058,0.079
chr4,1001657,1003641,1985,*,11.754,220,87,41923,0.11,0.099,0.118,0.162,0.14,0.173
chr11,46916469,46918966,2498,*,11.745,183,88,9435,0.024,0.037,0.044,0.059,0.059,0.054
chr7,516222,523201,6980,*,11.739,679,89,49806,0.04,0.047,0.054,0.056,0.06,0.056
chr19,1444776,1447842,3067,*,11.736,268,90,26985,0.07,0.068,0.06,0.075,0.056,0.081
chr1,156623815,156626159,2345,*,11.695,198,91,3848,0.034,0.031,0.03,0.036,0.042,0.064
chr2,26846092,26850178,4087,*,11.689,321,92,30856,0.035,0.04,0.048,0.064,0.052,0.083
chr6,3750344,3752849,2506,*,11.627,281,93,46860,0.028,0.032,0.034,0.047,0.042,0.051
chr20,62815508,62817635,2128,*,11.608,182,94,36187,0.082,0.113,0.124,0.146,0.145,0.177
chr16,32084207,32086206,2000,*,11.577,183,95,20772,0.199,0.217,0.307,0.144,0.118,0.209
chr4,1170980,1172979,2000,*,11.426,187,96,41936,0.082,0.075,0.082,0.09,0.114,0.115
chr22,45974471,45979515,5045,*,11.42,397,97,38827,0.03,0.042,0.046,0.05,0.053,0.057
chr17,79836750,79845909,9160,*,11.386,677,98,25343,0.044,0.093,0.107,0.125,0.13,0.075
chr2,219057226,219061791,4566,*,11.386,328,99,33662,0.052,0.074,0.083,0.084,0.086,0.103
chr14,88553792,88555298,1507,*,11.318,124,100,16774,0.019,0.028,0.031,0.035,0.049,0.05
chr16,2194551,2197295,2745,*,11.314,216,101,19752,0.039,0.066,0.086,0.077,0.087,0.048
chr17,81342270,81346871,4602,*,11.294,374,102,25461,0.044,0.043,0.07,0.127,0.083,0.093
chr16,3035294,3037227,1934,*,11.29,103,103,19834,0.109,0.084,0.141,0.145,0.124,0.13
chr19,58396101,58396964,864,*,11.289,114,104,30283,0.134,0.126,0.15,0.165,0.133,0.13
chr11,119339641,119341946,2306,*,11.284,153,105,11112,0.099,0.136,0.17,0.188,0.161,0.234
chr19,14472061,14474264,2204,*,11.131,218,106,27969,0.095,0.122,0.12,0.13,0.188,0.187
chr12,57215258,57217893,2636,*,11.086,182,107,12817,0.042,0.052,0.049,0.048,0.052,0.047
chr6,149963198,149965601,2404,*,10.936,211,108,49259,0.026,0.03,0.049,0.049,0.043,0.047
chr22,19148686,19151472,2787,*,10.925,279,109,37603,0.082,0.09,0.108,0.111,0.132,0.149
chr19,55368979,55370849,1871,*,10.92,145,110,30120,0.059,0.033,0.047,0.097,0.071,0.069
chr3,138943085,138947801,4717,*,10.92,363,111,41084,0.024,0.043,0.054,0.068,0.072,0.078
chr11,119315106,119317529,2424,*,10.916,149,112,11107,0.071,0.069,0.092,0.079,0.096,0.094
chr4,786890,787150,261,*,10.914,7,113,41905,0.033,0.148,0.048,0.096,0.145,0.149
chr1,1246248,1247360,1113,*,10.894,105,114,78,0.1,0.132,0.116,0.113,0.141,0.127
chr16,66924724,66925826,1103,*,10.876,110,115,21386,0.051,0.077,0.083,0.089,0.112,0.084
chr2,73290733,73294070,3338,*,10.865,268,116,31605,0.034,0.05,0.063,0.08,0.072,0.061
chr7,1663310,1668328,5019,*,10.836,466,117,49899,0.03,0.044,0.064,0.057,0.05,0.051
chr16,1331600,1334990,3391,*,10.768,245,118,19684,0.055,0.077,0.081,0.099,0.092,0.073
chr9,136984783,136986203,1421,*,10.763,107,119,57765,0.131,0.124,0.156,0.182,0.181,0.216
chr16,2470829,2472024,1196,*,10.761,106,120,19768,0.068,0.085,0.079,0.099,0.106,0.083
chr19,2250284,2253993,3710,*,10.68,359,121,27078,0.086,0.123,0.114,0.131,0.131,0.178
chr19,50666184,50669024,2841,*,10.656,258,122,29782,0.09,0.132,0.148,0.191,0.184,0.215
chr8,144472312,144475709,3398,*,10.633,207,123,55249,0.074,0.084,0.087,0.141,0.087,0.143
chr7,65508435,65510337,1903,*,10.625,179,124,51087,0.016,0.037,0.028,0.079,0.04,0.081
chr20,3082060,3084020,1961,*,10.613,154,125,34487,0.109,0.074,0.084,0.098,0.085,0.104
chr1,32870510,32871395,886,*,10.569,103,126,1761,0.012,0.057,0.06,0.037,0.043,0.058
chr22,19758789,19761661,2873,*,10.561,264,127,37633,0.047,0.087,0.113,0.124,0.102,0.141
chr1,110067527,110070974,3448,*,10.55,298,128,3041,0.041,0.074,0.087,0.12,0.107,0.149
chr17,79796296,79807143,10848,*,10.497,630,129,25339,0.076,0.119,0.136,0.145,0.161,0.131
chr1,1353391,1356435,3045,*,10.482,231,130,88,0.11,0.126,0.073,0.117,0.113,0.113
chr2,26172261,26174285,2025,*,10.452,187,131,30825,0.059,0.067,0.074,0.066,0.061,0.101
chr17,50558729,50562761,4033,*,10.443,309,132,24361,0.025,0.029,0.044,0.051,0.052,0.055
chr19,1000045,1002050,2006,*,10.428,153,133,26927,0.036,0.037,0.04,0.046,0.04,0.059
chr17,49971324,49973696,2373,*,10.417,150,134,24310,0.048,0.072,0.094,0.108,0.119,0.117
chr1,227946425,227948832,2408,*,10.411,246,135,5183,0.023,0.028,0.034,0.048,0.047,0.043
chr22,28679050,28680310,1261,*,10.367,151,136,38004,0.072,0.117,0.163,0.146,0.188,0.115
chr16,67393201,67395161,1961,*,10.349,164,137,21414,0.081,0.086,0.075,0.095,0.115,0.142
chr17,49575427,49577185,1759,*,10.348,163,138,24281,0.031,0.024,0.035,0.043,0.049,0.049
chr17,79790614,79793151,2538,*,10.334,161,139,25338,0.092,0.174,0.277,0.224,0.243,0.261
chr16,75250221,75252152,1932,*,10.325,177,140,21642,0.066,0.054,0.076,0.067,0.075,0.099
chr13,49219758,49221472,1715,*,10.282,197,141,14953,0.039,0.083,0.117,0.119,0.155,0.14
chr19,13864056,13866414,2359,*,10.277,208,142,27913,0.053,0.073,0.094,0.099,0.08,0.067
chr10,101221007,101230603,9597,*,10.252,591,143,7569,0.04,0.073,0.084,0.101,0.105,0.124
chr19,821165,822830,1666,*,10.247,184,144,26893,0.059,0.069,0.059,0.063,0.089,0.095
chr16,89574687,89576470,1784,*,10.227,182,145,22300,0.054,0.041,0.053,0.048,0.041,0.089
chr19,18788152,18791572,3421,*,10.223,287,146,28273,0.063,0.085,0.097,0.104,0.115,0.123
chr1,38044071,38047788,3718,*,10.216,421,147,1963,0.023,0.054,0.052,0.069,0.071,0.049
chr17,81803317,81805339,2023,*,10.205,198,148,25504,0.049,0.047,0.063,0.048,0.078,0.09
chr2,27261784,27265372,3589,*,10.2,289,149,30877,0.022,0.022,0.032,0.038,0.037,0.039
chr1,6485024,6487160,2137,*,10.199,112,150,473,0.047,0.06,0.075,0.048,0.047,0.066
chr1,109396973,109398450,1478,*,10.177,149,151,3010,0.028,0.027,0.032,0.047,0.044,0.058
chr8,37694346,37699076,4731,*,10.148,412,152,53622,0.038,0.04,0.064,0.087,0.094,0.073
chr11,636789,637981,1193,*,10.137,138,153,8532,0.089,0.095,0.156,0.142,0.123,0.15
chr20,46306862,46309460,2599,*,10.123,214,154,35551,0.033,0.037,0.04,0.037,0.03,0.047
chr11,73307106,73309662,2557,*,10.108,238,155,10440,0.039,0.055,0.056,0.065,0.063,0.07
chr17,68196120,68201293,5174,*,10.1,361,156,24759,0.051,0.043,0.046,0.054,0.059,0.083
chr20,63829656,63832469,2814,*,10.098,380,157,36319,0.016,0.07,0.058,0.063,0.066,0.03
chr17,36931411,36946669,15259,*,10.094,805,158,23635,0.041,0.078,0.08,0.105,0.107,0.129
chr17,61395621,61406766,11146,*,10.088,839,159,24559,0.045,0.085,0.112,0.106,0.123,0.124
chr22,29719529,29721312,1784,*,10.084,200,160,38045,0.034,0.047,0.057,0.064,0.064,0.068
chr22,19723072,19724993,1922,*,10.002,184,161,37629,0.085,0.079,0.077,0.085,0.086,0.139
chr17,79747329,79748853,1525,*,9.991,137,162,25333,0.051,0.07,0.074,0.067,0.091,0.117
chr9,126609753,126615871,6119,*,9.976,529,163,57023,0.039,0.052,0.066,0.077,0.071,0.098
chr1,47416145,47417340,1196,*,9.971,170,164,2287,0.024,0.068,0.082,0.1,0.115,0.129
chr12,49335738,49338003,2266,*,9.968,159,165,12479,0.085,0.148,0.151,0.195,0.187,0.22
chr10,101773040,101776774,3735,*,9.921,239,166,7586,0.044,0.087,0.093,0.125,0.11,0.107
chr19,48442651,48446511,3861,*,9.91,334,167,29579,0.072,0.112,0.147,0.137,0.16,0.186
chr15,41492829,41496106,3278,*,9.896,290,168,18051,0.014,0.036,0.029,0.039,0.046,0.059
chr22,17368097,17371596,3500,*,9.894,140,169,37536,0.04,0.045,0.048,0.05,0.057,0.119
chr10,43265907,43267345,1439,*,9.891,163,170,6512,0.058,0.036,0.043,0.046,0.051,0.066
chr19,46649149,46649991,843,*,9.882,121,171,29435,0.104,0.211,0.267,0.28,0.237,0.293
chr16,67430427,67431936,1510,*,9.855,148,172,21418,0.023,0.023,0.034,0.026,0.037,0.042
chr11,639373,641263,1891,*,9.824,167,173,8533,0.098,0.097,0.089,0.129,0.118,0.146
chr1,6454048,6456016,1969,*,9.817,227,174,469,0.082,0.094,0.125,0.197,0.181,0.169
chr19,496119,498927,2809,*,9.798,189,175,26848,0.057,0.115,0.095,0.121,0.115,0.129
chr5,1008399,1009900,1502,*,9.79,178,176,44046,0.052,0.052,0.043,0.043,0.054,0.07
chr8,41895730,41898103,2374,*,9.764,241,177,53747,0.035,0.039,0.052,0.083,0.081,0.114
chr15,67831902,67836731,4830,*,9.761,244,178,18553,0.055,0.065,0.084,0.096,0.104,0.116
chr7,27163478,27174764,11287,*,9.742,643,179,50371,0.089,0.079,0.085,0.123,0.119,0.111
chr9,137167368,137167629,262,*,9.742,23,180,57802,0.149,0.102,0.059,0.08,0.136,0.131
chr19,7873539,7875201,1663,*,9.718,135,181,27524,0.073,0.053,0.055,0.067,0.078,0.111
chr16,704476,707258,2783,*,9.716,234,182,19591,0.071,0.088,0.086,0.101,0.112,0.095
chr3,129001087,129002458,1372,*,9.691,157,183,40934,0.073,0.023,0.039,0.043,0.057,0.073
chr15,67819505,67830378,10874,*,9.688,793,184,18552,0.054,0.087,0.1,0.121,0.125,0.153
chr10,30058596,30059780,1185,*,9.675,127,185,6307,0.04,0.04,0.063,0.057,0.079,0.123
chr1,36124770,36125545,776,*,9.656,93,186,1860,0.061,0.057,0.11,0.105,0.088,0.152
chr2,240452345,240456384,4040,*,9.65,314,187,34243,0.032,0.09,0.104,0.104,0.097,0.111
chr11,1546110,1548812,2703,*,9.648,196,188,8597,0.061,0.069,0.09,0.089,0.072,0.082
chr16,2236503,2237916,1414,*,9.589,146,189,19756,0.195,0.212,0.229,0.291,0.227,0.341
chr17,48994976,48999965,4990,*,9.578,297,190,24247,0.022,0.052,0.057,0.074,0.07,0.11
chr19,48393445,48396023,2579,*,9.571,98,191,29572,0.108,0.119,0.141,0.133,0.139,0.112
chr19,49071718,49073092,1375,*,9.566,171,192,29640,0.065,0.118,0.157,0.16,0.15,0.241
chr9,131545372,131547140,1769,*,9.553,118,193,57326,0.099,0.119,0.138,0.172,0.209,0.214
chr2,172079837,172104652,24816,*,9.551,1141,194,33080,0.062,0.083,0.092,0.113,0.114,0.137
chr7,27154863,27159195,4333,*,9.535,246,195,50369,0.071,0.082,0.093,0.122,0.111,0.102
chr8,144048059,144052514,4456,*,9.528,406,196,55219,0.027,0.056,0.066,0.068,0.072,0.087
chr1,63316761,63328230,11470,*,9.515,705,197,2540,0.047,0.098,0.108,0.146,0.165,0.163
chr6,44270341,44271395,1055,*,9.508,110,198,48163,0.01,0.011,0.033,0.016,0.043,0.015
chr22,19754933,19757581,2649,*,9.493,182,199,37631,0.051,0.097,0.095,0.101,0.085,0.098
chr2,27494589,27495635,1047,*,9.448,98,200,30890,0.031,0.048,0.05,0.069,0.059,0.086
chr17,2053373,2057815,4443,*,9.432,465,201,22490,0.035,0.041,0.06,0.063,0.077,0.091
chr22,37426516,37428083,1568,*,9.425,153,202,38347,0.047,0.028,0.055,0.053,0.061,0.068
chr15,78810261,78812029,1769,*,9.42,168,203,18924,0.043,0.035,0.065,0.058,0.052,0.092
chr21,45404042,45406556,2515,*,9.385,257,204,37274,0.039,0.052,0.055,0.075,0.073,0.076
chr16,67162508,67166467,3960,*,9.378,326,205,21401,0.04,0.075,0.079,0.101,0.116,0.126
chr17,38673041,38675430,2390,*,9.37,243,206,23691,0.024,0.05,0.047,0.056,0.054,0.045
chr14,21068287,21072365,4079,*,9.335,217,207,15726,0.028,0.065,0.043,0.083,0.078,0.056
chr19,10288435,10293554,5120,*,9.328,354,208,27663,0.041,0.055,0.062,0.083,0.079,0.072
chr15,64151287,64152771,1485,*,9.288,138,209,18432,0.033,0.038,0.04,0.048,0.041,0.056
chr16,4313828,4316779,2952,*,9.242,274,210,19912,0.052,0.08,0.092,0.082,0.081,0.067
chr10,13527699,13529656,1958,*,9.239,207,211,5995,0.055,0.034,0.033,0.033,0.038,0.055
chr18,8703203,8707558,4356,*,9.218,398,212,25774,0.041,0.062,0.048,0.066,0.06,0.099
chr17,38747026,38753393,6368,*,9.214,401,213,23697,0.043,0.044,0.057,0.056,0.053,0.067
chr7,23467511,23475537,8027,*,9.208,410,214,50286,0.01,0.037,0.042,0.052,0.059,0.068
chr15,66700409,66704480,4072,*,9.204,378,215,18518,0.015,0.023,0.027,0.031,0.031,0.021
chr4,2416498,2419718,3221,*,9.199,307,216,42009,0.022,0.025,0.036,0.041,0.037,0.04
chr19,1566839,1568834,1996,*,9.188,281,217,27006,0.049,0.037,0.038,0.049,0.047,0.101
chr2,174325946,174345521,19576,*,9.179,971,218,33116,0.037,0.086,0.088,0.11,0.106,0.124
chr1,6418670,6421027,2358,*,9.177,224,219,462,0.063,0.083,0.09,0.089,0.099,0.078
chr11,76205437,76211277,5841,*,9.138,484,220,10518,0.036,0.049,0.055,0.061,0.061,0.059
chr11,66726861,66729070,2210,*,9.132,211,221,10097,0.03,0.036,0.055,0.059,0.066,0.066
chr11,826805,827947,1143,*,9.132,92,222,8557,0.037,0.051,0.058,0.064,0.06,0.052
chr10,101066178,101068370,2193,*,9.118,125,223,7551,0.05,0.057,0.072,0.06,0.079,0.099
chr6,1604165,1615511,11347,*,9.103,873,224,46783,0.037,0.083,0.092,0.119,0.124,0.115
chr17,83078492,83081871,3380,*,9.078,430,225,25613,0.037,0.046,0.064,0.05,0.047,0.039
chr9,137294794,137296377,1584,*,9.055,179,226,57823,0.073,0.077,0.07,0.073,0.05,0.101
chr19,18894172,18896736,2565,*,9.052,233,227,28282,0.064,0.065,0.087,0.076,0.084,0.085
chr2,240434730,240437211,2482,*,9.048,272,228,34241,0.03,0.025,0.033,0.037,0.04,0.036
chr20,36862697,36864632,1936,*,9.042,267,229,35255,0.048,0.054,0.053,0.08,0.063,0.103
chr9,137170410,137170849,440,*,9.015,9,230,57804,0.483,0.374,0.407,0.485,0.51,0.39
chr19,2307394,2308476,1083,*,9.003,112,231,27087,0.066,0.092,0.108,0.099,0.091,0.139
chr16,89576517,89576641,125,*,8.971,19,232,22301,0.112,0.369,0.416,0.375,0.224,0.38
chr12,48996789,49000052,3264,*,8.965,210,233,12458,0.026,0.04,0.041,0.053,0.056,0.055
chr2,74548695,74549740,1046,*,8.958,99,234,31652,0.021,0.032,0.041,0.049,0.038,0.06
chr22,49848122,49850077,1956,*,8.955,193,235,38979,0.062,0.073,0.068,0.115,0.107,0.128
chr17,61407968,61413448,5481,*,8.942,379,236,24560,0.051,0.045,0.064,0.063,0.085,0.098
chr17,81386494,81387860,1367,*,8.93,152,237,25463,0.072,0.04,0.061,0.062,0.056,0.065
chr1,32741294,32742541,1248,*,8.922,131,238,1756,0.039,0.05,0.033,0.068,0.069,0.101
chr17,76584768,76587142,2375,*,8.914,173,239,25090,0.045,0.074,0.086,0.073,0.091,0.058
chr1,2443215,2444309,1095,*,8.904,121,240,187,0.049,0.038,0.048,0.052,0.071,0.059
chr1,29236059,29238754,2696,*,8.904,295,241,1602,0.024,0.035,0.035,0.033,0.029,0.045
chr15,40925385,40930981,5597,*,8.891,392,242,18037,0.059,0.043,0.047,0.066,0.077,0.085
chr9,130659155,130667264,8110,*,8.888,654,243,57277,0.056,0.066,0.07,0.081,0.085,0.106
chr3,123025974,123028773,2800,*,8.873,210,244,40750,0.024,0.027,0.024,0.036,0.028,0.038
chr17,38571663,38573274,1612,*,8.867,103,245,23674,0.018,0.031,0.04,0.043,0.04,0.049
chr1,6249041,6250315,1275,*,8.859,149,246,454,0.045,0.051,0.05,0.082,0.073,0.075
chr17,64778379,64779169,791,*,8.858,100,247,24647,0.025,0.446,0.399,0.518,0.377,0.175
chr1,85047263,85049025,1763,*,8.845,139,248,2730,0.027,0.064,0.082,0.091,0.088,0.117
chr19,11479387,11483109,3723,*,8.828,329,249,27755,0.091,0.111,0.151,0.146,0.16,0.167
chr17,2058368,2059529,1162,*,8.82,104,250,22492,0.063,0.137,0.266,0.288,0.338,0.255
chr1,47228910,47232690,3781,*,8.816,217,251,2281,0.07,0.062,0.075,0.091,0.097,0.116
chr7,5591605,5595401,3797,*,8.785,318,252,50079,0.048,0.053,0.045,0.055,0.064,0.062
chr16,89200308,89202619,2312,*,8.766,217,253,22260,0.069,0.125,0.133,0.158,0.15,0.114
chr1,6243429,6247329,3901,*,8.752,211,254,453,0.059,0.079,0.083,0.094,0.085,0.076
chr2,240818640,240821661,3022,*,8.73,294,255,34267,0.033,0.063,0.071,0.062,0.074,0.054
chr17,39224496,39226255,1760,*,8.712,175,256,23726,0.036,0.037,0.055,0.072,0.054,0.111
chr17,36183137,36183764,628,*,8.696,56,257,23593,0,0,0.027,0.018,0,0
chr12,49960857,49962203,1347,*,8.693,150,258,12508,0.083,0.075,0.13,0.107,0.124,0.144
chr17,38509405,38510993,1589,*,8.683,176,259,23671,0.08,0.095,0.086,0.1,0.092,0.174
chr11,64642094,64644258,2165,*,8.681,157,260,9921,0.04,0.036,0.032,0.039,0.05,0.096
chr10,116741097,116743529,2433,*,8.672,233,261,7872,0.038,0.058,0.059,0.089,0.081,0.082
chr17,2023424,2026310,2887,*,8.672,273,262,22485,0.035,0.05,0.056,0.064,0.066,0.074
chr14,23576004,23579233,3230,*,8.666,204,263,15847,0.097,0.237,0.221,0.27,0.265,0.217
chr13,20191994,20194862,2869,*,8.665,207,264,14407,0.031,0.042,0.048,0.056,0.062,0.062
chr9,124503097,124505291,2195,*,8.651,264,265,56964,0.053,0.069,0.066,0.098,0.104,0.153
chr1,247110670,247112537,1868,*,8.649,174,266,5582,0.092,0.041,0.05,0.058,0.099,0.147
chr17,37741098,37746173,5076,*,8.644,308,267,23647,0.036,0.06,0.07,0.079,0.087,0.112
chr19,18603437,18614072,10636,*,8.636,578,268,28263,0.045,0.101,0.113,0.115,0.109,0.078
chr11,118609559,118611348,1790,*,8.633,148,269,11066,0.035,0.033,0.059,0.056,0.057,0.047
chr22,43342054,43344141,2088,*,8.609,224,270,38682,0.061,0.075,0.09,0.111,0.104,0.136
chr2,218979632,218986459,6828,*,8.569,379,271,33656,0.067,0.055,0.059,0.063,0.068,0.107
chr16,2019461,2020978,1518,*,8.566,137,272,19740,0.041,0.027,0.025,0.051,0.047,0.061
chr17,7439364,7441106,1743,*,8.559,111,273,22766,0.047,0.048,0.069,0.083,0.105,0.074
chr2,74502272,74503821,1550,*,8.552,115,274,31646,0.08,0.088,0.079,0.137,0.109,0.18
chr1,2627833,2629615,1783,*,8.508,117,275,209,0.112,0.132,0.123,0.125,0.147,0.131
chr11,2883793,2886488,2696,*,8.502,366,276,8720,0.025,0.05,0.058,0.057,0.063,0.05
chr9,137044432,137046919,2488,*,8.498,180,277,57777,0.06,0.078,0.086,0.082,0.09,0.064
chr8,736706,739472,2767,*,8.495,332,278,52747,0.024,0.066,0.078,0.076,0.091,0.112
chr15,40281855,40283888,2034,*,8.491,235,279,17996,0.09,0.055,0.057,0.08,0.106,0.133
chr15,55587481,55589102,1622,*,8.489,187,280,18268,0.032,0.024,0.03,0.039,0.038,0.08
chr2,170711096,170718584,7489,*,8.485,512,281,33056,0.028,0.036,0.05,0.067,0.066,0.085
chr22,50260671,50262326,1656,*,8.483,158,282,39027,0.03,0.035,0.041,0.046,0.029,0.035
chr12,120367154,120371539,4386,*,8.468,257,283,13819,0.045,0.061,0.074,0.067,0.09,0.066
chr22,50600078,50601452,1375,*,8.446,165,284,39056,0.046,0.045,0.058,0.066,0.069,0.093
chr1,26045373,26047043,1671,*,8.423,138,285,1437,0.052,0.07,0.098,0.082,0.072,0.104
chr9,133991143,133993704,2562,*,8.4,296,286,57504,0.042,0.044,0.076,0.056,0.038,0.056
chr17,1270275,1271372,1098,*,8.392,128,287,22426,0.061,0.085,0.128,0.128,0.176,0.171
chr5,320361,322786,2426,*,8.388,233,288,43993,0.092,0.084,0.103,0.094,0.1,0.158
chr16,66426263,66429161,2899,*,8.388,222,289,21363,0.036,0.061,0.051,0.074,0.069,0.081
chr8,22129646,22131372,1727,*,8.387,162,290,53283,0.034,0.037,0.051,0.056,0.052,0.072
chr16,979929,982730,2802,*,8.382,325,291,19620,0.047,0.063,0.068,0.069,0.088,0.081
chr20,62366361,62369488,3128,*,8.367,214,292,36129,0.037,0.048,0.046,0.061,0.05,0.052
chr2,23384809,23387405,2597,*,8.366,301,293,30749,0.02,0.023,0.028,0.035,0.036,0.036
chr19,49432184,49434030,1847,*,8.32,112,294,29672,0.164,0.145,0.164,0.169,0.178,0.231
chr9,131554533,131555139,607,*,8.32,92,295,57327,0.112,0.074,0.12,0.226,0.195,0.217
chr16,86565287,86569843,4557,*,8.312,345,296,22029,0.043,0.084,0.08,0.104,0.094,0.133
chr8,143159430,143161061,1632,*,8.31,160,297,55120,0.043,0.023,0.042,0.05,0.042,0.099
chr3,13281232,13283860,2629,*,8.308,236,298,39306,0.053,0.058,0.075,0.073,0.076,0.096
chr22,19717818,19719362,1545,*,8.305,189,299,37628,0.078,0.041,0.07,0.043,0.059,0.085
chr22,19714120,19715141,1022,*,8.304,125,300,37627,0.021,0.032,0.021,0.029,0.027,0.033
chr22,37804271,37805681,1411,*,8.3,114,301,38379,0.093,0.074,0.059,0.07,0.082,0.131
chr3,45224402,45226928,2527,*,8.286,264,302,39794,0.027,0.035,0.042,0.04,0.041,0.027
chr11,66011710,66012274,565,*,8.274,62,303,10045,0.079,0.083,0.117,0.134,0.182,0.18
chr9,129619772,129620859,1088,*,8.231,97,304,57206,0.037,0.044,0.055,0.054,0.049,0.082
chr9,129664909,129666644,1736,*,8.231,166,305,57212,0.064,0.051,0.065,0.061,0.071,0.077
chr5,54883456,54884321,866,*,8.23,85,306,44629,0.022,0.07,0.071,0.111,0.117,0.105
chr9,72887,74101,1215,*,8.228,136,307,55283,0.018,0.038,0.049,0.066,0.072,0.087
chr6,6001146,6009550,8405,*,8.224,434,308,46905,0.033,0.052,0.057,0.077,0.073,0.099
chr19,55433212,55433866,655,*,8.218,74,309,30130,0.13,0.212,0.204,0.281,0.259,0.278
chr7,143361704,143363062,1359,*,8.211,155,310,52286,0.038,0.013,0.013,0.024,0.017,0.059
chr16,2237946,2238094,149,*,8.209,14,311,19757,0.406,0.519,0.53,0.572,0.486,0.622
chr16,89920816,89925182,4367,*,8.199,219,312,22336,0.068,0.054,0.06,0.07,0.067,0.082
chr7,27191267,27194867,3601,*,8.199,169,313,50374,0.091,0.112,0.136,0.161,0.166,0.17
chr19,38227965,38230212,2248,*,8.186,171,314,28867,0.03,0.024,0.032,0.042,0.039,0.045
chr3,71753203,71755057,1855,*,8.167,248,315,40342,0.025,0.097,0.072,0.064,0.064,0.075
chr16,75264993,75266491,1499,*,8.15,130,316,21643,0.077,0.071,0.09,0.081,0.101,0.131
chr10,8033793,8057891,24099,*,8.136,1098,317,5896,0.076,0.077,0.09,0.102,0.106,0.139
chr14,102927779,102930588,2810,*,8.132,289,318,17268,0.048,0.099,0.108,0.138,0.164,0.143
chr17,44828624,44830971,2348,*,8.13,201,319,24048,0.019,0.028,0.032,0.039,0.034,0.036
chr17,29005033,29006468,1436,*,8.13,122,320,23360,0.051,0.082,0.081,0.135,0.114,0.137
chr13,21060321,21061984,1664,*,8.119,201,321,14431,0.056,0.022,0.027,0.048,0.035,0.084
chr16,67528551,67530682,2132,*,8.096,161,322,21422,0.08,0.091,0.114,0.136,0.15,0.147
chr11,720561,722461,1901,*,8.09,129,323,8541,0.164,0.094,0.088,0.074,0.106,0.163
chr3,184561021,184562693,1673,*,8.085,158,324,41541,0.062,0.048,0.086,0.071,0.068,0.146
chr17,39626351,39627683,1333,*,8.071,97,325,23743,0.085,0.068,0.139,0.176,0.124,0.196
chr19,40596786,40602621,5836,*,8.07,314,326,29023,0.081,0.061,0.063,0.071,0.072,0.093
chr11,705809,706921,1113,*,8.066,104,327,8537,0.08,0.074,0.074,0.055,0.092,0.101
chr7,1227618,1250217,22600,*,8.061,1408,328,49866,0.075,0.103,0.102,0.126,0.135,0.165
chr9,132160930,132164973,4044,*,8.06,311,329,57359,0.027,0.044,0.054,0.05,0.066,0.073
chr5,132812624,132814624,2001,*,8.057,201,330,45384,0.064,0.092,0.097,0.174,0.133,0.201
chr12,131827858,131829840,1983,*,8.057,211,331,14264,0.053,0.038,0.041,0.041,0.037,0.078
chr20,63471125,63472928,1804,*,8.038,182,332,36274,0.035,0.033,0.048,0.051,0.069,0.086
chr17,180099,182066,1968,*,8.031,257,333,22358,0.038,0.067,0.05,0.073,0.047,0.101
chr1,41381010,41383938,2929,*,8.025,236,334,2099,0.056,0.055,0.069,0.07,0.084,0.085
chr1,32900413,32901942,1530,*,8.013,122,335,1768,0.096,0.069,0.078,0.097,0.096,0.135
chr3,184259668,184263000,3333,*,8,309,336,41520,0.027,0.046,0.048,0.055,0.053,0.067
chr19,591176,591250,75,*,7.998,9,337,26861,0.297,0.305,0.278,0.416,0.4,0.333
chr16,49854641,49859567,4927,*,7.997,480,338,21036,0.018,0.024,0.031,0.034,0.032,0.034
chr22,20425255,20426230,976,*,7.994,134,339,37681,0.099,0.112,0.105,0.121,0.145,0.103
chr1,39080967,39082217,1251,*,7.993,151,340,2005,0.02,0.03,0.039,0.064,0.041,0.073
chr16,1979318,1981982,2665,*,7.992,146,341,19734,0.314,0.3,0.283,0.344,0.323,0.316
chr20,62550127,62552050,1924,*,7.988,125,342,36155,0.111,0.065,0.071,0.073,0.065,0.129
chr9,95505496,95511964,6469,*,7.969,513,343,56424,0.025,0.019,0.018,0.022,0.021,0.059
chr4,794882,795924,1043,*,7.966,85,344,41909,0.05,0.076,0.057,0.101,0.115,0.096
chr10,133324351,133326343,1993,*,7.943,141,345,8450,0.107,0.065,0.081,0.093,0.069,0.136
chr11,626127,627511,1385,*,7.941,106,346,8529,0.193,0.091,0.124,0.137,0.131,0.235
chr14,105195582,105197616,2035,*,7.938,111,347,17419,0.078,0.059,0.1,0.091,0.109,0.142
chr9,135478683,135481149,2467,*,7.916,253,348,57611,0.035,0.037,0.036,0.048,0.059,0.039
chr9,136202711,136203764,1054,*,7.907,109,349,57667,0.096,0.109,0.105,0.137,0.165,0.171
chr11,64035110,64037526,2417,*,7.895,207,350,9877,0.031,0.059,0.067,0.063,0.079,0.062
chr5,1155124,1156477,1354,*,7.892,147,351,44059,0.041,0.042,0.047,0.086,0.104,0.106
chr17,44966368,44970793,4426,*,7.88,307,352,24055,0.039,0.09,0.1,0.116,0.121,0.11
chr7,27182964,27189544,6581,*,7.878,323,353,50373,0.05,0.063,0.083,0.088,0.094,0.116
chr12,132618212,132620164,1953,*,7.868,180,354,14340,0.134,0.181,0.143,0.202,0.215,0.2
chr19,10415975,10421938,5964,*,7.868,368,355,27675,0.07,0.054,0.073,0.067,0.07,0.096
chr12,120640123,120641799,1677,*,7.853,195,356,13837,0.018,0.019,0.029,0.031,0.028,0.03
chr7,151251358,151252466,1109,*,7.848,96,357,52467,0.025,0.072,0.106,0.091,0.11,0.122
chr1,228646612,228648888,2277,*,7.847,130,358,5227,0.046,0.043,0.047,0.052,0.055,0.078
chr2,231395427,231396422,996,*,7.843,125,359,33881,0.041,0.06,0.08,0.064,0.093,0.134
chr11,120511137,120512708,1572,*,7.839,166,360,11165,0.047,0.034,0.034,0.057,0.079,0.072
chr2,72913341,72921606,8266,*,7.837,525,361,31590,0.029,0.046,0.055,0.065,0.061,0.081
chr8,21786971,21790447,3477,*,7.833,302,362,53260,0,0.073,0.073,0.062,0.079,0
chr5,141874989,141880634,5646,*,7.82,285,363,45828,0.057,0.055,0.061,0.07,0.067,0.075
chr11,72239299,72241825,2527,*,7.818,162,364,10397,0.074,0.125,0.128,0.148,0.128,0.104
chr1,15757658,15759565,1908,*,7.815,143,365,873,0.041,0.071,0.083,0.078,0.091,0.107
chr2,134717676,134719549,1874,*,7.809,197,366,32756,0.059,0.038,0.051,0.051,0.067,0.064
chr2,20664674,20667901,3228,*,7.806,273,367,30731,0.034,0.067,0.077,0.084,0.076,0.078
chr20,32017847,32020215,2369,*,7.799,156,368,35092,0.04,0.04,0.041,0.044,0.035,0.046
chr20,36305564,36307705,2142,*,7.798,174,369,35223,0.027,0.046,0.045,0.065,0.05,0.068
chr20,31869575,31870983,1409,*,7.797,103,370,35086,0.059,0.037,0.043,0.031,0.029,0.071
chr1,47707900,47711237,3338,*,7.791,217,371,2303,0.067,0.08,0.094,0.094,0.085,0.091
chr13,113109554,113111104,1551,*,7.784,184,372,15569,0.077,0.075,0.084,0.131,0.113,0.169
chr10,11017219,11019146,1928,*,7.78,213,373,5922,0.041,0.037,0.047,0.049,0.041,0.052
chr3,50154288,50156032,1745,*,7.772,184,374,39957,0.024,0.034,0.042,0.056,0.044,0.041
chr1,6178810,6181760,2951,*,7.767,257,375,444,0.038,0.071,0.065,0.066,0.087,0.077
chr7,151114750,151115734,985,*,7.764,168,376,52455,0.023,0.047,0.078,0.045,0.078,0.074
chr1,19643569,19645428,1860,*,7.761,216,377,1100,0.046,0.034,0.075,0.06,0.059,0.058
chr12,57631812,57633807,1996,*,7.759,150,378,12841,0.028,0.024,0.025,0.036,0.034,0.049
chr6,43243135,43243815,681,*,7.759,63,379,48106,0.047,0.089,0.083,0.097,0.106,0.086
chr19,1287196,1288205,1010,*,7.752,60,380,26967,0.249,0.332,0.314,0.313,0.341,0.29
chr9,93183752,93185463,1712,*,7.748,209,381,56368,0.051,0.052,0.101,0.083,0.077,0.127
chr7,129777679,129786692,9014,*,7.743,603,382,52018,0.048,0.107,0.118,0.126,0.122,0.097
chr22,46536393,46539130,2738,*,7.743,321,383,38867,0.074,0.097,0.091,0.106,0.103,0.126
chr16,71930,73005,1076,*,7.73,109,384,19537,0.075,0.064,0.07,0.055,0.087,0.08
chr4,824192,827674,3483,*,7.73,269,385,41912,0.062,0.071,0.08,0.101,0.071,0.099
chr14,22980243,22983623,3381,*,7.729,227,386,15816,0.052,0.094,0.096,0.121,0.141,0.107
chr9,37033857,37039246,5390,*,7.722,314,387,55713,0.06,0.064,0.083,0.102,0.117,0.147
chr9,136050744,136052526,1783,*,7.721,108,388,57644,0.008,0.016,0.054,0.07,0.058,0.019
chr10,100824531,100831208,6678,*,7.72,346,389,7531,0.041,0.062,0.067,0.067,0.072,0.085
chr1,202193246,202194388,1143,*,7.701,72,390,4578,0.095,0.114,0.115,0.09,0.1,0.117
chr10,42752890,42755553,2664,*,7.671,230,391,6483,0.052,0.109,0.119,0.118,0.112,0.098
chr10,27741143,27748942,7800,*,7.663,472,392,6251,0.028,0.043,0.054,0.064,0.063,0.079
chr9,34628240,34629670,1431,*,7.66,81,393,55612,0.054,0.076,0.056,0.068,0.067,0.066
chr22,25420577,25422236,1660,*,7.654,108,394,37899,0.04,0.059,0.052,0.074,0.098,0.111
chr15,76334799,76347481,12683,*,7.653,723,395,18839,0.041,0.083,0.102,0.12,0.138,0.151
chr2,232522052,232524874,2823,*,7.647,196,396,33943,0.103,0.148,0.159,0.163,0.16,0.13
chr2,19350141,19352238,2098,*,7.627,119,397,30700,0.107,0.114,0.085,0.144,0.125,0.133
chr19,42323634,42326444,2811,*,7.619,232,398,29158,0.058,0.071,0.088,0.111,0.116,0.129
chr17,48624665,48627159,2495,*,7.609,185,399,24219,0.019,0.031,0.045,0.047,0.039,0.025
chr12,6827441,6829708,2268,*,7.604,144,400,11917,0.048,0.04,0.038,0.046,0.041,0.042
chr11,75240020,75242445,2426,*,7.6,269,401,10484,0.025,0.043,0.043,0.062,0.056,0.04
chr11,67371951,67375458,3508,*,7.593,220,402,10135,0.046,0.054,0.045,0.065,0.052,0.079
chr1,110606235,110608394,2160,*,7.591,165,403,3064,0.023,0.035,0.043,0.058,0.046,0.063
chr17,44758422,44759607,1186,*,7.584,127,404,24044,0.024,0.047,0.057,0.073,0.051,0.067
chr1,22141684,22143914,2231,*,7.583,230,405,1226,0.03,0.022,0.033,0.039,0.05,0.06
chr7,128030939,128032940,2002,*,7.578,243,406,51957,0.038,0.021,0.03,0.043,0.05,0.069
chr4,1401788,1409482,7695,*,7.577,696,407,41950,0.087,0.152,0.152,0.149,0.162,0.172
chr2,46296462,46300044,3583,*,7.572,306,408,31190,0.027,0.045,0.051,0.063,0.066,0.05
chr1,3067522,3071587,4066,*,7.559,475,409,281,0.037,0.054,0.049,0.059,0.081,0.06
chr17,49494745,49498560,3816,*,7.553,293,410,24273,0.034,0.045,0.052,0.057,0.062,0.055
chr6,41545328,41549115,3788,*,7.552,301,411,48025,0.024,0.023,0.025,0.032,0.035,0.033
chr22,39557164,39558750,1587,*,7.548,145,412,38500,0.099,0.088,0.096,0.111,0.114,0.107
chr5,73379987,73383042,3056,*,7.545,213,413,44839,0.052,0.093,0.097,0.153,0.144,0.183
chr7,150799749,150801820,2072,*,7.543,154,414,52417,0.073,0.123,0.156,0.184,0.149,0.204
chr15,66251747,66255537,3791,*,7.533,254,415,18500,0.033,0.053,0.054,0.071,0.059,0.088
chr14,23575889,23575950,62,*,7.527,9,416,15846,0.304,0.359,0.372,0.392,0.506,0.499
chr19,916993,921175,4183,*,7.525,346,417,26913,0.038,0.045,0.053,0.048,0.042,0.041
chr1,34928048,34931089,3042,*,7.515,194,418,1825,0.041,0.083,0.073,0.089,0.101,0.082
chr17,7650174,7652211,2038,*,7.514,140,419,22783,0.043,0.039,0.051,0.057,0.054,0.071
chr22,19523166,19524895,1730,*,7.506,168,420,37614,0.027,0.038,0.033,0.06,0.049,0.059
chr1,43530691,43532042,1352,*,7.505,165,421,2163,0.023,0.009,0.025,0.026,0.032,0.034
chr2,120342078,120349211,7134,*,7.499,502,422,32490,0.048,0.058,0.056,0.065,0.076,0.086
chr6,34143410,34146161,2752,*,7.477,247,423,47794,0.041,0.061,0.052,0.074,0.067,0.078
chr7,157682500,157694596,12097,*,7.475,803,424,52659,0.047,0.067,0.077,0.088,0.098,0.102
chr7,151408907,151410934,2028,*,7.468,175,425,52479,0.031,0.059,0.06,0.082,0.094,0.074
chr17,39595089,39608727,13639,*,7.462,581,426,23738,0.061,0.084,0.098,0.107,0.114,0.144
chr2,42046941,42048960,2020,*,7.462,222,427,31093,0.03,0.052,0.054,0.069,0.059,0.076
chr1,40782725,40784563,1839,*,7.46,168,428,2078,0.041,0.055,0.053,0.062,0.063,0.072
chr19,47019187,47023694,4508,*,7.459,286,429,29457,0.072,0.115,0.137,0.136,0.118,0.12
chr6,170288809,170297687,8879,*,7.442,635,430,49762,0.027,0.035,0.042,0.045,0.056,0.058
chr17,48610044,48616081,6038,*,7.441,358,431,24217,0.047,0.046,0.049,0.062,0.075,0.077
chr17,38577770,38579617,1848,*,7.436,83,432,23676,0.066,0.074,0.086,0.108,0.105,0.126
chr2,219483227,219485327,2101,*,7.435,154,433,33694,0.088,0.077,0.127,0.11,0.115,0.16
chr2,231037133,231039103,1971,*,7.43,184,434,33873,0.019,0.041,0.048,0.05,0.051,0.083
chr16,280020,281214,1195,*,7.43,132,435,19555,0.055,0.059,0.059,0.086,0.067,0.095
chr3,38029056,38030169,1114,*,7.415,108,436,39642,0.047,0.071,0.078,0.111,0.122,0.129
chr19,34480860,34483107,2248,*,7.411,258,437,28686,0.048,0.113,0.111,0.143,0.136,0.112
chr22,17119746,17121966,2221,*,7.409,246,438,37526,0.093,0.078,0.114,0.119,0.149,0.13
chr1,109466191,109467709,1519,*,7.397,131,439,3012,0.014,0.042,0.065,0.096,0.102,0.127
chr11,68684171,68685342,1172,*,7.38,126,440,10221,0.036,0.063,0.057,0.089,0.095,0.094
chr14,24366449,24369163,2715,*,7.379,143,441,15890,0.04,0.106,0.102,0.142,0.144,0.121
chr14,105525950,105527449,1500,*,7.36,141,442,17454,0.055,0.026,0.023,0.039,0.041,0.079
chr19,33194026,33195286,1261,*,7.343,178,443,28628,0.005,0.031,0.047,0.023,0.03,0.028
chr22,19029203,19030405,1203,*,7.333,153,444,37598,0.072,0.092,0.097,0.111,0.085,0.097
chr11,67711008,67712040,1033,*,7.314,92,445,10172,0.059,0.131,0.231,0.172,0.187,0.185
chr22,50169314,50170985,1672,*,7.312,199,446,39012,0.086,0.035,0.05,0.054,0.083,0.12
chr7,138980536,138982225,1690,*,7.295,184,447,52169,0.03,0.036,0.039,0.052,0.051,0.044
chr5,180352204,180354723,2520,*,7.291,236,448,46674,0.027,0.061,0.067,0.089,0.077,0.079
chr8,11563763,11565077,1315,*,7.285,119,449,53058,0.06,0.029,0.032,0.033,0.058,0.088
chr11,13962438,13964825,2388,*,7.28,209,450,8959,0.048,0.065,0.089,0.107,0.095,0.104
chr10,123132277,123151770,19494,*,7.272,1114,451,8047,0.033,0.067,0.069,0.094,0.107,0.122
chr17,42760757,42761608,852,*,7.271,93,452,23939,0.029,0.051,0.047,0.062,0.047,0.079
chr11,69636491,69643674,7184,*,7.268,574,453,10271,0.048,0.046,0.054,0.061,0.056,0.069
chr17,9001674,9004762,3089,*,7.257,240,454,22866,0.053,0.066,0.09,0.084,0.1,0.102
chr17,48633599,48634314,716,*,7.246,59,455,24221,0.064,0.094,0.068,0.124,0.083,0.134
chr19,2719890,2722071,2182,*,7.24,168,456,27133,0.043,0.05,0.078,0.061,0.075,0.083
chr12,57219684,57223882,4199,*,7.24,108,457,12818,0.126,0.225,0.203,0.255,0.244,0.216
chr3,125212066,125213243,1178,*,7.232,83,458,40802,0.042,0.116,0.092,0.137,0.14,0.156
chr3,50273014,50276696,3683,*,7.23,262,459,39970,0.119,0.175,0.209,0.186,0.192,0.146
chr17,82370568,82372560,1993,*,7.226,166,460,25570,0.158,0.15,0.131,0.123,0.141,0.175
chr12,54032557,54034924,2368,*,7.226,148,461,12685,0.052,0.078,0.099,0.099,0.097,0.125
chr1,39787850,39789719,1870,*,7.225,215,462,2031,0.068,0.059,0.104,0.127,0.121,0.111
chr6,1619315,1620692,1378,*,7.219,124,463,46785,0.102,0.109,0.108,0.13,0.133,0.235
chr4,48489647,48491474,1828,*,7.219,198,464,42753,0.038,0.108,0.108,0.173,0.186,0.172
chr17,9020562,9024714,4153,*,7.216,392,465,22867,0.034,0.054,0.056,0.062,0.063,0.076
chr17,41733558,41735413,1856,*,7.213,143,466,23861,0.044,0.064,0.066,0.078,0.092,0.085
chr20,2692158,2694733,2576,*,7.211,286,467,34469,0.03,0.074,0.067,0.087,0.1,0.082
chr10,71396214,71398315,2102,*,7.202,216,468,6932,0.035,0.024,0.039,0.047,0.072,0.074
chr13,106533978,106536926,2949,*,7.187,338,469,15384,0.014,0.023,0.039,0.034,0.031,0.047
chr20,38719950,38732181,12232,*,7.177,582,470,35332,0.056,0.079,0.084,0.119,0.104,0.128
chr11,57457144,57461376,4233,*,7.177,258,471,9612,0.025,0.046,0.041,0.058,0.053,0.042
chr1,157045255,157046935,1681,*,7.17,165,472,3885,0.024,0.013,0.02,0.026,0.038,0.039
chr19,55086425,55087782,1358,*,7.162,107,473,30090,0.074,0.13,0.106,0.119,0.082,0.258
chr19,459730,462338,2609,*,7.161,265,474,26839,0.03,0.058,0.069,0.084,0.069,0.076
chr2,127674620,127675933,1314,*,7.147,120,475,32598,0.044,0.033,0.029,0.037,0.064,0.088
chr12,51846861,51849003,2143,*,7.14,169,476,12557,0.061,0.043,0.051,0.066,0.069,0.129
chr17,39667175,39668889,1715,*,7.136,136,477,23746,0.064,0.054,0.089,0.066,0.066,0.08
chr1,156387968,156388760,793,*,7.12,76,478,3826,0.052,0.082,0.111,0.16,0.202,0.152
chr2,218999930,219003631,3702,*,7.114,210,479,33659,0.037,0.06,0.08,0.099,0.117,0.105
chr1,153677659,153680362,2704,*,7.112,192,480,3677,0.031,0.052,0.065,0.075,0.074,0.059
chr3,47577574,47579529,1956,*,7.111,230,481,39871,0.042,0.034,0.038,0.03,0.041,0.065
chr2,219448075,219449270,1196,*,7.108,139,482,33690,0.04,0.121,0.103,0.252,0.217,0.176
chr11,45922274,45923653,1380,*,7.099,127,483,9400,0.028,0.045,0.046,0.079,0.043,0.081
chr1,26992556,26994877,2322,*,7.096,204,484,1499,0.05,0.078,0.065,0.079,0.086,0.068
chr3,37451395,37453286,1892,*,7.094,184,485,39624,0.032,0.041,0.04,0.042,0.05,0.051
chr11,66291493,66292789,1297,*,7.094,116,486,10066,0.067,0.069,0.08,0.078,0.051,0.089
chr7,76281220,76283212,1993,*,7.09,195,487,51362,0.036,0.034,0.03,0.038,0.04,0.067
chr1,202642217,202645512,3296,*,7.076,171,488,4591,0.05,0.072,0.085,0.085,0.086,0.096
chr12,6383822,6384441,620,*,7.063,51,489,11873,0.121,0.15,0.134,0.184,0.175,0.252
chr8,143420735,143423399,2665,*,7.062,130,490,55148,0.175,0.177,0.19,0.182,0.208,0.222
chr17,41527072,41528799,1728,*,7.06,122,491,23845,0.078,0.096,0.096,0.102,0.125,0.138
chr6,125746491,125750796,4306,*,7.059,292,492,48899,0.012,0.018,0.021,0.029,0.025,0.029
chr10,133229380,133231605,2226,*,7.05,268,493,8435,0.036,0.064,0.081,0.109,0.094,0.091
chr3,183253044,183254954,1911,*,7.042,196,494,41495,0.035,0.011,0.023,0.026,0.031,0.056
chr15,63042000,63044204,2205,*,7.041,173,495,18403,0.034,0.029,0.042,0.043,0.046,0.058
chr1,41360941,41362784,1844,*,7.039,197,496,2097,0.013,0.015,0.023,0.025,0.024,0.041
chr2,27118438,27119278,841,*,7.038,90,497,30868,0.049,0.053,0.084,0.075,0.064,0.093
chr22,50014653,50015511,859,*,7.031,102,498,38996,0.032,0.057,0.062,0.052,0.054,0.058
chr11,61579499,61582176,2678,*,7.027,200,499,9743,0.037,0.051,0.052,0.053,0.056,0.059
chr9,136711659,136713422,1764,*,7.022,177,500,57733,0.019,0.016,0.022,0.04,0.037,0.037
chr12,6699508,6701261,1754,*,7.018,132,501,11901,0.046,0.056,0.045,0.08,0.062,0.08
chr16,2341281,2341328,48,*,7.013,7,502,19761,0.237,0.233,0.65,0.404,0.592,0.466
chr2,74441544,74442389,846,*,7.008,85,503,31638,0.073,0.123,0.138,0.128,0.119,0.128
chr17,50634303,50635393,1091,*,7.007,96,504,24370,0.065,0.063,0.062,0.081,0.063,0.108
chr19,13011769,13014649,2881,*,7.004,174,505,27857,0.057,0.096,0.108,0.127,0.144,0.168
chr7,151247712,151250369,2658,*,7.004,148,506,52466,0.041,0.071,0.073,0.086,0.104,0.099
chr17,76074175,76077555,3381,*,6.999,280,507,25054,0.062,0.11,0.117,0.153,0.174,0.157
chr14,105473457,105476204,2748,*,6.998,233,508,17444,0.04,0.074,0.085,0.073,0.075,0.042
chr17,30921585,30923086,1502,*,6.994,132,509,23420,0.057,0.029,0.041,0.063,0.068,0.125
chr9,130171915,130173620,1706,*,6.993,182,510,57252,0.031,0.036,0.04,0.042,0.06,0.075
chr2,232632769,232635045,2277,*,6.993,194,511,33949,0.042,0.089,0.059,0.102,0.073,0.082
chr2,231680867,231681536,670,*,6.991,77,512,33902,0.054,0.071,0.082,0.091,0.122,0.142
chr19,1456937,1457477,541,*,6.989,56,513,26990,0.098,0.181,0.232,0.219,0.186,0.217
chr1,1628837,1632885,4049,*,6.983,346,514,114,0.044,0.076,0.057,0.072,0.04,0.073
chr19,53907357,53910641,3285,*,6.98,179,515,29980,0.078,0.099,0.101,0.127,0.094,0.126
chr11,706970,707210,241,*,6.979,14,516,8538,0.081,0.103,0.424,0.237,0.367,0.286
chr1,32702380,32703681,1302,*,6.979,96,517,1752,0.071,0.048,0.095,0.066,0.096,0.122
chr2,238239162,238241343,2182,*,6.978,261,518,34153,0.029,0.029,0.038,0.063,0.047,0.055
chr22,46262566,46263271,706,*,6.972,110,519,38851,0.081,0.116,0.158,0.246,0.171,0.218
chr17,64779687,64779753,67,*,6.957,8,520,24648,0.079,0.552,0.414,0.526,0.15,0.292
chr20,3237875,3240443,2569,*,6.947,267,521,34500,0.027,0.064,0.074,0.095,0.089,0.066
chr7,953721,954937,1217,*,6.946,173,522,49837,0.021,0.025,0.048,0.043,0.044,0.047
chr19,1449222,1450550,1329,*,6.945,88,523,26986,0.117,0.127,0.114,0.104,0.123,0.106
chr14,74239029,74244438,5410,*,6.943,279,524,16550,0.062,0.104,0.111,0.118,0.139,0.137
chr7,128351340,128352544,1205,*,6.941,131,525,51971,0.046,0.152,0.153,0.198,0.185,0.183
chr11,119363165,119364597,1433,*,6.939,130,526,11114,0.149,0.144,0.148,0.163,0.177,0.172
chr12,6773624,6774348,725,*,6.939,59,527,11910,0.17,0.092,0.071,0.069,0.084,0.036
chr19,7595346,7596866,1521,*,6.935,161,528,27492,0.032,0.028,0.025,0.035,0.038,0.057
chr17,7380729,7381538,810,*,6.932,54,529,22759,0.087,0.114,0.169,0.135,0.239,0.133
chr11,118152431,118153927,1497,*,6.922,114,530,11041,0.054,0.067,0.082,0.069,0.084,0.102
chr17,47850710,47852667,1958,*,6.917,117,531,24175,0.12,0.105,0.115,0.118,0.117,0.174
chr20,43914299,43917056,2758,*,6.915,238,532,35421,0.023,0.038,0.03,0.055,0.061,0.041
chr20,63498072,63499829,1758,*,6.911,165,533,36283,0.061,0.053,0.051,0.053,0.073,0.072
chr19,41912014,41916338,4325,*,6.908,183,534,29121,0.063,0.107,0.117,0.131,0.136,0.164
chr17,38558118,38566361,8244,*,6.907,372,535,23673,0.074,0.101,0.103,0.13,0.115,0.138
chr19,675709,677696,1988,*,6.907,132,536,26875,0.211,0.174,0.186,0.21,0.211,0.191
chr19,17947129,17953597,6469,*,6.901,363,537,28189,0.081,0.063,0.081,0.071,0.078,0.108
chr15,64774717,64776622,1906,*,6.879,220,538,18446,0.041,0.042,0.058,0.067,0.069,0.092
chr3,126355814,126358343,2530,*,6.875,233,539,40828,0.031,0.025,0.045,0.039,0.051,0.058
chr19,12832288,12835794,3507,*,6.873,206,540,27834,0.084,0.107,0.108,0.117,0.128,0.113
chr14,104134620,104139526,4907,*,6.871,454,541,17335,0.035,0.061,0.059,0.063,0.068,0.067
chr4,1767006,1768064,1059,*,6.869,114,542,41980,0.026,0.109,0.053,0.041,0.045,0.035
chr11,2927820,2930947,3128,*,6.865,243,543,8726,0.052,0.073,0.078,0.086,0.078,0.062
chr8,37796496,37798702,2207,*,6.862,207,544,53630,0.045,0.038,0.052,0.055,0.056,0.086
chr10,132784091,132789479,5389,*,6.862,665,545,8386,0.058,0.075,0.089,0.122,0.149,0.144
chr9,127396276,127398354,2079,*,6.86,170,546,57061,0.026,0.042,0.03,0.045,0.047,0.061
chr7,140639375,140641535,2161,*,6.856,184,547,52217,0.045,0.031,0.038,0.058,0.057,0.076
chr19,708627,709899,1273,*,6.845,155,548,26881,0.023,0.026,0.043,0.03,0.035,0.063
chr11,9090836,9091935,1100,*,6.84,126,549,8857,0.034,0.035,0.049,0.058,0.066,0.086
chr2,219570368,219571817,1450,*,6.837,160,550,33706,0.108,0.048,0.08,0.065,0.077,0.167
chr9,137048748,137049146,399,*,6.836,44,551,57778,0.172,0.166,0.233,0.204,0.229,0.237
chr21,33022504,33029734,7231,*,6.817,461,552,36777,0.046,0.061,0.069,0.091,0.097,0.136
chr14,69571556,69575194,3639,*,6.815,340,553,16437,0.135,0.261,0.278,0.206,0.202,0.174
chr6,5994001,6000368,6368,*,6.805,291,554,46904,0.076,0.083,0.096,0.107,0.107,0.144
chr5,14142464,14145683,3220,*,6.803,330,555,44309,0.019,0.032,0.037,0.048,0.041,0.04
chr19,50325361,50330215,4855,*,6.798,308,556,29749,0.062,0.072,0.076,0.087,0.088,0.076
chr17,50128553,50130707,2155,*,6.793,154,557,24327,0.041,0.044,0.047,0.077,0.094,0.07
chr12,1532137,1532398,262,*,6.793,7,558,11659,0.27,0.245,0.276,0.163,0.12,0.161
chr11,62688250,62688310,61,*,6.79,8,559,9823,0.132,0.344,0.494,0.504,0.522,0.568
chr4,6562808,6564487,1680,*,6.789,202,560,42209,0.052,0.064,0.078,0.078,0.08,0.097
chr7,101162554,101175101,12548,*,6.782,688,561,51690,0.051,0.064,0.075,0.079,0.081,0.077
chr17,28717317,28718226,910,*,6.773,90,562,23344,0.124,0.128,0.178,0.247,0.217,0.308
chr12,49294945,49298165,3221,*,6.767,229,563,12473,0.087,0.124,0.157,0.152,0.151,0.169
chr8,142509758,142511614,1857,*,6.763,177,564,55082,0.056,0.035,0.023,0.053,0.082,0.082
chr20,25081011,25085274,4264,*,6.761,275,565,34896,0.082,0.115,0.113,0.143,0.135,0.161
chr11,16603953,16608580,4628,*,6.76,280,566,8996,0.024,0.042,0.036,0.068,0.072,0.086
chr17,7704430,7706281,1852,*,6.759,100,567,22785,0.066,0.079,0.074,0.083,0.075,0.096
chr19,10293610,10294738,1129,*,6.756,79,568,27664,0.11,0.182,0.251,0.349,0.376,0.262
chr19,46648155,46649106,952,*,6.754,81,569,29434,0.103,0.2,0.169,0.324,0.274,0.319
chr3,13878028,13881073,3046,*,6.753,255,570,39334,0.031,0.032,0.042,0.044,0.05,0.053
chr9,136201388,136202618,1231,*,6.752,108,571,57666,0.128,0.169,0.128,0.209,0.211,0.209
chr7,128890541,128891568,1028,*,6.751,86,572,51993,0.14,0.118,0.139,0.156,0.126,0.119
chr17,46850943,46852323,1381,*,6.749,140,573,24130,0.049,0.051,0.034,0.047,0.075,0.098
chr9,129568132,129569534,1403,*,6.745,118,574,57200,0.049,0.039,0.03,0.067,0.041,0.062
chr19,9912893,9915111,2219,*,6.741,205,575,27635,0.047,0.035,0.046,0.047,0.054,0.065
chr6,107633959,107635193,1235,*,6.725,146,576,48688,0.047,0.097,0.11,0.115,0.143,0.168
chr11,72641963,72643530,1568,*,6.725,149,577,10412,0.037,0.036,0.03,0.035,0.034,0.037
chr6,30074374,30076002,1629,*,6.719,107,578,47545,0.089,0.088,0.108,0.127,0.132,0.148
chr1,39900774,39902754,1981,*,6.715,195,579,2037,0.019,0.025,0.035,0.037,0.038,0.053
chr5,115179088,115180966,1879,*,6.713,143,580,45188,0.064,0.07,0.074,0.109,0.121,0.124
chr12,57619357,57622254,2898,*,6.71,156,581,12839,0.044,0.093,0.116,0.12,0.141,0.108
chr16,714685,716381,1697,*,6.706,183,582,19595,0.056,0.036,0.055,0.051,0.054,0.078
chr4,2040351,2042935,2585,*,6.705,275,583,41991,0.022,0.041,0.044,0.054,0.066,0.054
chr2,287141,290398,3258,*,6.703,311,584,30308,0.018,0.044,0.049,0.074,0.069,0.071
chr3,138935829,138940264,4436,*,6.703,270,585,41083,0.037,0.057,0.071,0.077,0.083,0.108
chr16,56634798,56636918,2121,*,6.697,101,586,21205,0.041,0.056,0.064,0.08,0.078,0.133
chr9,34623126,34625118,1993,*,6.695,112,587,55611,0.134,0.191,0.157,0.227,0.252,0.237
chr10,101122765,101124388,1624,*,6.691,77,588,7559,0.061,0.089,0.088,0.112,0.117,0.113
chr7,1668574,1671411,2838,*,6.683,217,589,49900,0.051,0.066,0.072,0.091,0.069,0.082
chr22,50603323,50604586,1264,*,6.682,127,590,39057,0.111,0.153,0.172,0.194,0.202,0.268
chr1,6423334,6425578,2245,*,6.677,161,591,463,0.084,0.109,0.114,0.109,0.118,0.106
chr2,109612862,109615836,2975,*,6.672,295,592,32271,0.049,0.105,0.094,0.126,0.117,0.169
chr11,125164284,125167478,3195,*,6.672,248,593,11313,0.031,0.048,0.059,0.07,0.062,0.082
chr9,110783,118530,7748,*,6.667,425,594,55286,0.042,0.065,0.074,0.109,0.105,0.136
chr1,31762521,31764823,2303,*,6.666,213,595,1699,0.015,0.015,0.019,0.024,0.021,0.026
chr1,43978775,43980079,1305,*,6.662,139,596,2175,0.065,0.027,0.041,0.036,0.029,0.041
chr19,17244536,17246998,2463,*,6.661,260,597,28124,0.04,0.053,0.057,0.075,0.065,0.067
chr10,133234889,133237898,3010,*,6.661,241,598,8436,0.054,0.1,0.115,0.141,0.138,0.123
chr12,57224750,57227426,2677,*,6.657,144,599,12819,0.076,0.154,0.169,0.24,0.211,0.23
chr17,14297243,14297999,757,*,6.652,66,600,22970,0.017,0.025,0.046,0.056,0.049,0.046
chr14,74611207,74612962,1756,*,6.649,173,601,16565,0.09,0.053,0.048,0.078,0.057,0.138
chr2,240998064,240999510,1447,*,6.646,171,602,34277,0.037,0.062,0.087,0.084,0.1,0.069
chr12,131829983,131831611,1629,*,6.632,108,603,14265,0.061,0.038,0.047,0.055,0.055,0.056
chr3,48428821,48430166,1346,*,6.627,147,604,39884,0.014,0.031,0.035,0.041,0.039,0.056
chr15,98646768,98652065,5298,*,6.626,499,605,19413,0.013,0.016,0.018,0.023,0.031,0.031
chr10,97770868,97772417,1550,*,6.62,138,606,7424,0.042,0.037,0.033,0.053,0.057,0.072
chr6,43509379,43510663,1285,*,6.615,142,607,48122,0.104,0.04,0.038,0.057,0.048,0.101
chr15,28093942,28097401,3460,*,6.601,244,608,17738,0.043,0.049,0.044,0.068,0.074,0.065
chr16,2341583,2342205,623,*,6.591,66,609,19763,0.133,0.138,0.164,0.199,0.214,0.215
chr6,41426388,41429395,3008,*,6.584,163,610,48018,0.036,0.05,0.037,0.073,0.078,0.082
chr16,70685211,70686411,1201,*,6.578,163,611,21531,0.012,0.027,0.021,0.038,0.028,0.05
chr10,101214555,101220037,5483,*,6.578,290,612,7568,0.057,0.082,0.091,0.1,0.1,0.122
chr1,150548639,150549720,1082,*,6.577,117,613,3560,0.021,0.05,0.037,0.036,0.042,0.034
chr4,996981,998143,1163,*,6.575,95,614,41922,0.071,0.068,0.073,0.074,0.058,0.074
chr11,117795175,117797524,2350,*,6.575,172,615,11019,0.095,0.129,0.158,0.165,0.169,0.153
chr7,191550,194081,2532,*,6.566,291,616,49785,0.028,0.045,0.052,0.057,0.072,0.057
chr17,48617335,48619703,2369,*,6.565,120,617,24218,0.106,0.153,0.112,0.105,0.118,0.14
chr16,2467034,2469542,2509,*,6.563,147,618,19767,0.091,0.131,0.141,0.158,0.146,0.112
chr11,12673606,12677382,3777,*,6.562,252,619,8926,0.038,0.071,0.062,0.097,0.118,0.138
chr17,7293963,7295570,1608,*,6.557,151,620,22748,0.051,0.041,0.084,0.069,0.084,0.068
chr2,111115954,111123475,7522,*,6.556,604,621,32306,0.031,0.025,0.028,0.03,0.032,0.031
chr14,24333448,24335219,1772,*,6.554,103,622,15887,0.057,0.046,0.043,0.049,0.092,0.098
chr9,93958279,93961964,3686,*,6.552,198,623,56390,0.062,0.092,0.125,0.121,0.133,0.152
chr9,132578516,132591386,12871,*,6.549,670,624,57387,0.065,0.115,0.118,0.14,0.151,0.159
chr12,26121660,26126998,5339,*,6.542,359,625,12209,0.027,0.028,0.031,0.037,0.041,0.048
chr19,49427561,49429043,1483,*,6.541,80,626,29669,0.118,0.112,0.118,0.138,0.151,0.154
chr11,114058777,114061701,2925,*,6.541,257,627,10918,0.023,0.051,0.061,0.053,0.053,0.033
chr2,10720884,10722649,1766,*,6.539,146,628,30567,0.041,0.047,0.044,0.043,0.058,0.074
chr10,101130756,101133525,2770,*,6.536,151,629,7561,0.036,0.076,0.067,0.093,0.097,0.125
chr1,20483501,20487574,4074,*,6.535,330,630,1147,0.028,0.042,0.041,0.046,0.048,0.063
chr12,54046245,54048203,1959,*,6.531,104,631,12689,0.112,0.116,0.15,0.157,0.183,0.218
chr12,49334376,49334754,379,*,6.531,19,632,12478,0.169,0.326,0.276,0.424,0.406,0.391
chr6,107488009,107491723,3715,*,6.528,293,633,48685,0.012,0.032,0.031,0.037,0.035,0.034
chr11,848413,850296,1884,*,6.523,161,634,8562,0.057,0.065,0.077,0.065,0.045,0.121
chr11,63767464,63770153,2690,*,6.52,258,635,9859,0.018,0.043,0.03,0.042,0.04,0.038
chr11,2268845,2271821,2977,*,6.52,341,636,8682,0.033,0.052,0.056,0.088,0.081,0.098
chr1,11690242,11693334,3093,*,6.517,220,637,719,0.043,0.066,0.083,0.073,0.082,0.083
chr19,1744478,1768558,24081,*,6.517,1224,638,27025,0.086,0.08,0.085,0.087,0.09,0.121
chr9,34587841,34593445,5605,*,6.515,342,639,55607,0.047,0.057,0.061,0.076,0.073,0.084
chr17,82334314,82334445,132,*,6.512,7,640,25564,0.411,0.307,0.414,0.387,0.441,0.412
chr15,66842073,66843141,1069,*,6.511,110,641,18522,0.03,0.048,0.033,0.066,0.064,0.09
chr22,29072599,29074369,1771,*,6.51,164,642,38020,0.051,0.032,0.039,0.052,0.055,0.074
chr16,69105279,69107996,2718,*,6.503,217,643,21492,0.03,0.057,0.054,0.073,0.065,0.095
chr19,39514710,39516476,1767,*,6.494,108,644,28962,0.073,0.056,0.053,0.06,0.089,0.137
chr10,114042810,114046162,3353,*,6.493,319,645,7823,0.043,0.094,0.096,0.138,0.124,0.154
chr1,19664456,19666142,1687,*,6.481,166,646,1106,0.055,0.053,0.063,0.114,0.128,0.136
chr16,89576708,89576781,74,*,6.475,11,647,22302,0.325,0.518,0.624,0.526,0.419,0.485
chr12,57764724,57767060,2337,*,6.468,149,648,12847,0.055,0.075,0.073,0.092,0.089,0.106
chr19,13009893,13011736,1844,*,6.468,110,649,27856,0.072,0.233,0.329,0.425,0.305,0.392
chr11,2136490,2146531,10042,*,6.465,599,650,8667,0.074,0.086,0.094,0.096,0.1,0.104
chr22,42719757,42721571,1815,*,6.456,163,651,38650,0.045,0.036,0.023,0.039,0.044,0.071
chr1,156676317,156678558,2242,*,6.449,132,652,3857,0.063,0.108,0.116,0.159,0.129,0.198
chr2,218856337,218861490,5154,*,6.449,223,653,33648,0.056,0.067,0.092,0.078,0.087,0.112
chr17,73642772,73645653,2882,*,6.443,280,654,24870,0.027,0.036,0.042,0.056,0.043,0.04
chr11,61916503,61918027,1525,*,6.442,109,655,9770,0.062,0.034,0.052,0.05,0.048,0.079
chr6,158535876,158537644,1769,*,6.439,170,656,49435,0.028,0.03,0.04,0.038,0.037,0.055
chr7,150977438,150980055,2618,*,6.438,191,657,52435,0.025,0.059,0.066,0.083,0.081,0.072
chr17,46770809,46773674,2866,*,6.436,234,658,24123,0.034,0.069,0.077,0.076,0.081,0.074
chr1,201538445,201540554,2110,*,6.431,148,659,4549,0.021,0.018,0.059,0.052,0.053,0.067
chr17,74986950,74988801,1852,*,6.427,148,660,24974,0.034,0.051,0.048,0.07,0.06,0.072
chr16,30786300,30787733,1434,*,6.427,91,661,20706,0.076,0.032,0.032,0.051,0.059,0.103
chr2,219496471,219499352,2882,*,6.421,190,662,33696,0.048,0.065,0.088,0.089,0.083,0.098
chr2,19353279,19360077,6799,*,6.419,275,663,30702,0.077,0.124,0.118,0.161,0.175,0.166
chr17,32264902,32268188,3287,*,6.417,249,664,23466,0.028,0.043,0.048,0.058,0.061,0.051
chr19,1324785,1325574,790,*,6.417,69,665,26971,0.05,0.061,0.062,0.076,0.067,0.086
chr9,136195224,136200592,5369,*,6.409,262,666,57665,0.133,0.112,0.12,0.163,0.15,0.141
chr17,2852253,2855081,2829,*,6.403,227,667,22530,0.034,0.059,0.055,0.089,0.082,0.076
chr9,14312549,14316430,3882,*,6.399,323,668,55408,0.026,0.059,0.051,0.071,0.069,0.08
chr20,58228226,58229358,1133,*,6.395,106,669,35980,0.039,0.063,0.062,0.089,0.106,0.124
chr17,2049482,2052265,2784,*,6.395,280,670,22489,0.039,0.052,0.059,0.066,0.078,0.068
chr16,2026665,2027592,928,*,6.391,118,671,19742,0.017,0.024,0.022,0.024,0.018,0.028
chr9,37025054,37032256,7203,*,6.388,343,672,55712,0.06,0.074,0.081,0.105,0.115,0.122
chr7,73622768,73624782,2015,*,6.388,145,673,51234,0.064,0.073,0.053,0.096,0.093,0.128
chr17,74430221,74432973,2753,*,6.385,216,674,24917,0.044,0.06,0.063,0.079,0.078,0.072
chr17,8002066,8003279,1214,*,6.38,67,675,22804,0.021,0.03,0.089,0.057,0.113,0.098
chr8,29348191,29353608,5418,*,6.377,423,676,53525,0.025,0.056,0.054,0.084,0.068,0.06
chr20,36092016,36094399,2384,*,6.374,209,677,35212,0.026,0.036,0.033,0.043,0.043,0.05
chr1,44404957,44411146,6190,*,6.371,331,678,2186,0.037,0.027,0.035,0.037,0.046,0.055
chr10,127906672,127908062,1391,*,6.37,143,679,8200,0.057,0.034,0.067,0.055,0.057,0.041
chr12,111032757,111037295,4539,*,6.368,320,680,13497,0.038,0.049,0.055,0.066,0.056,0.059
chr10,92688936,92692797,3862,*,6.363,318,681,7308,0.029,0.06,0.054,0.076,0.091,0.088
chr1,9996778,9998149,1372,*,6.36,138,682,646,0.061,0.061,0.05,0.069,0.078,0.11
chr19,3270291,3271181,891,*,6.358,68,683,27184,0.05,0.042,0.079,0.056,0.093,0.062
chr22,19758632,19758696,65,*,6.355,9,684,37632,0.195,0.333,0.367,0.575,0.508,0.303
chr15,45110659,45114860,4202,*,6.352,243,685,18143,0.05,0.115,0.109,0.144,0.146,0.126
chr12,6765648,6767825,2178,*,6.349,195,686,11908,0.046,0.053,0.044,0.054,0.073,0.046
chr14,102544451,102545378,928,*,6.346,96,687,17254,0.048,0.072,0.119,0.086,0.119,0.084
chr6,136920391,136923997,3607,*,6.334,293,688,49054,0.038,0.053,0.06,0.062,0.067,0.078
chr15,69298770,69299770,1001,*,6.33,87,689,18597,0.031,0.053,0.064,0.07,0.043,0.053
chr22,38080854,38083024,2171,*,6.324,190,690,38390,0.097,0.068,0.084,0.113,0.109,0.175
chr9,109318042,109321481,3440,*,6.324,267,691,56625,0.046,0.057,0.069,0.082,0.075,0.066
chr21,45018175,45019387,1213,*,6.319,139,692,37245,0.077,0.11,0.099,0.131,0.13,0.133
chr5,139763923,139764830,908,*,6.319,47,693,45595,0.052,0.085,0.13,0.12,0.105,0.122
chr15,65376320,65378386,2067,*,6.317,179,694,18477,0.024,0.023,0.018,0.034,0.046,0.057
chr7,27147344,27153075,5732,*,6.316,284,695,50368,0.148,0.133,0.134,0.192,0.15,0.185
chr7,139523025,139524335,1311,*,6.311,139,696,52186,0.047,0.09,0.094,0.111,0.122,0.151
chr9,137315818,137316926,1109,*,6.308,94,697,57829,0.043,0.055,0.052,0.083,0.068,0.066
chr15,89398988,89400774,1787,*,6.306,127,698,19155,0.042,0.049,0.066,0.097,0.055,0.103
chr14,23364724,23366460,1737,*,6.304,138,699,15835,0.049,0.06,0.058,0.098,0.076,0.138
chr17,2723874,2725138,1265,*,6.302,145,700,22517,0.021,0.053,0.051,0.063,0.087,0.083
chr2,218959057,218964277,5221,*,6.298,295,701,33655,0.073,0.076,0.093,0.122,0.124,0.127
chr22,50058187,50059407,1221,*,6.294,103,702,39004,0.078,0.078,0.143,0.14,0.165,0.16
chr19,33300877,33304412,3536,*,6.294,380,703,28640,0.037,0.058,0.072,0.065,0.068,0.073
chr16,799721,801693,1973,*,6.289,85,704,19607,0.184,0.167,0.146,0.159,0.175,0.181
chr6,98841734,98846126,4393,*,6.287,208,705,48587,0.041,0.07,0.087,0.092,0.102,0.141
chr17,31390978,31392622,1645,*,6.286,170,706,23428,0.074,0.068,0.069,0.074,0.068,0.135
chr10,86362968,86367873,4906,*,6.285,429,707,7219,0.032,0.055,0.056,0.066,0.061,0.068
chr8,103498525,103502152,3628,*,6.278,294,708,54541,0.006,0.019,0.021,0.032,0.037,0.043
chr10,27258413,27259748,1336,*,6.276,93,709,6244,0.057,0.066,0.055,0.084,0.074,0.112
chr17,74922471,74925171,2701,*,6.274,179,710,24966,0.052,0.081,0.076,0.09,0.103,0.104
chr17,7438073,7438664,592,*,6.271,45,711,22765,0.026,0.057,0.12,0.158,0.177,0.255
chr1,1435341,1436323,983,*,6.271,116,712,101,0.027,0.023,0.05,0.048,0.054,0.04
chr12,53971994,54018488,46495,*,6.268,1555,713,12678,0.107,0.12,0.144,0.151,0.156,0.169
chr3,129605086,129607361,2276,*,6.261,299,714,40962,0.026,0.036,0.045,0.048,0.05,0.043
chr22,50299292,50300265,974,*,6.248,110,715,39033,0.2,0.233,0.4,0.435,0.413,0.385
chr20,62473793,62477004,3212,*,6.248,295,716,36142,0.051,0.105,0.085,0.123,0.138,0.136
chr19,15199808,15201318,1511,*,6.243,142,717,28011,0.083,0.031,0.019,0.044,0.023,0.156
chr19,17966715,17967878,1164,*,6.232,86,718,28190,0.056,0.105,0.092,0.11,0.09,0.088
chr19,41996936,41999456,2521,*,6.229,177,719,29133,0.049,0.092,0.1,0.122,0.105,0.113
chr22,50672219,50675428,3210,*,6.228,258,720,39063,0.026,0.055,0.058,0.069,0.075,0.064
chr8,80872638,80875203,2566,*,6.226,229,721,54272,0.038,0.035,0.03,0.039,0.04,0.047
chr17,81901932,81902825,894,*,6.226,109,722,25513,0.05,0.057,0.068,0.069,0.066,0.046
chr11,60924109,60925724,1616,*,6.225,104,723,9693,0.04,0.046,0.037,0.051,0.05,0.067
chr14,35533205,35535958,2754,*,6.222,273,724,15999,0.024,0.035,0.045,0.07,0.064,0.103
chr2,27306358,27307877,1520,*,6.222,122,725,30880,0.122,0.11,0.112,0.215,0.184,0.278
chr19,10513799,10515213,1415,*,6.221,149,726,27686,0.063,0.078,0.114,0.106,0.116,0.159
chr1,229430744,229435203,4460,*,6.216,294,727,5256,0.071,0.112,0.121,0.15,0.151,0.185
chr12,54030193,54031835,1643,*,6.214,86,728,12684,0.15,0.166,0.197,0.174,0.194,0.191
chr12,106137878,106140137,2260,*,6.205,212,729,13341,0.027,0.052,0.066,0.056,0.065,0.075
chr13,99894918,99896396,1479,*,6.205,135,730,15306,0.071,0.043,0.06,0.084,0.102,0.163
chr22,37518889,37519973,1085,*,6.184,139,731,38352,0.034,0.037,0.055,0.054,0.049,0.058
chr19,40567518,40568244,727,*,6.179,76,732,29020,0.068,0.084,0.094,0.124,0.14,0.167
chr17,31558649,31559894,1246,*,6.176,153,733,23442,0.026,0.04,0.069,0.073,0.081,0.061
chr3,123447942,123450441,2500,*,6.171,305,734,40761,0.06,0.048,0.074,0.051,0.042,0.117
chr22,19168983,19170050,1068,*,6.152,63,735,37604,0.136,0.123,0.115,0.134,0.107,0.142
chr9,130937816,130941804,3989,*,6.15,305,736,57285,0.054,0.054,0.047,0.061,0.061,0.065
chr3,196968191,196970227,2037,*,6.147,263,737,41835,0.039,0.024,0.023,0.028,0.031,0.046
chr20,62707924,62709381,1458,*,6.147,138,738,36175,0.106,0.035,0.053,0.058,0.061,0.101
chr19,49420942,49424311,3370,*,6.145,166,739,29667,0.095,0.121,0.12,0.136,0.127,0.145
chr19,53982013,53983240,1228,*,6.145,158,740,29986,0.031,0.061,0.088,0.107,0.095,0.104
chr1,154503025,154503152,128,*,6.142,12,741,3724,0.23,0.391,0.47,0.357,0.473,0.477
chr22,37334200,37335605,1406,*,6.141,96,742,38337,0.095,0.092,0.163,0.093,0.072,0.158
chr22,50305997,50308199,2203,*,6.141,145,743,39036,0.049,0.065,0.053,0.076,0.076,0.063
chr17,2776070,2777427,1358,*,6.137,118,744,22520,0.072,0.044,0.037,0.058,0.063,0.091
chr10,132185116,132188470,3355,*,6.132,305,745,8344,0.072,0.113,0.11,0.145,0.129,0.151
chr1,31412693,31414417,1725,*,6.132,144,746,1679,0.034,0.037,0.037,0.047,0.032,0.054
chr5,178589193,178591014,1822,*,6.123,173,747,46600,0.048,0.044,0.048,0.063,0.065,0.123
chr9,96020724,96023037,2314,*,6.12,177,748,56436,0.039,0.065,0.073,0.086,0.093,0.081
chr19,35029986,35031516,1531,*,6.111,152,749,28706,0.021,0.033,0.045,0.029,0.027,0.043
chr7,157279246,157279948,703,*,6.11,81,750,52630,0.073,0.09,0.089,0.14,0.175,0.14
chr22,20429007,20431942,2936,*,6.108,259,751,37682,0.094,0.15,0.117,0.113,0.114,0.093
chr17,47846785,47847798,1014,*,6.104,73,752,24173,0.15,0.271,0.155,0.209,0.233,0.265
chr19,12838048,12839337,1290,*,6.102,87,753,27836,0.032,0.042,0.04,0.037,0.032,0.055
chr20,3749875,3749940,66,*,6.099,11,754,34515,0.116,0.411,0.584,0.412,0.254,0.136
chr8,144267116,144267265,150,*,6.097,11,755,55231,0.045,0.47,0,0.061,0,0
chr3,124886040,124887944,1905,*,6.095,195,756,40791,0.024,0.028,0.037,0.037,0.03,0.061
chr14,73236810,73238749,1940,*,6.082,139,757,16514,0.071,0.062,0.065,0.09,0.091,0.119
chr21,45982778,45983035,258,*,6.081,16,758,37311,0.272,0.409,0.403,0.488,0.639,0.484
chr19,591380,591430,51,*,6.081,7,759,26862,0.052,0.026,0.073,0.059,0.062,0.051
chr19,14205026,14207970,2945,*,6.078,290,760,27943,0.02,0.028,0.037,0.037,0.034,0.023
chr17,74892882,74894263,1382,*,6.075,105,761,24962,0.086,0.083,0.084,0.112,0.132,0.146
chr6,43769610,43772272,2663,*,6.063,250,762,48135,0.01,0.045,0.048,0.04,0.041,0.015
chr1,26161442,26162512,1071,*,6.057,113,763,1446,0.102,0.05,0.104,0.055,0.062,0.061
chr9,95515508,95517471,1964,*,6.056,189,764,56425,0.028,0.055,0.043,0.072,0.075,0.067
chr8,139701246,139706438,5193,*,6.055,401,765,54920,0.066,0.051,0.06,0.075,0.066,0.104
chr13,99896453,99896516,64,*,6.051,9,766,15307,0.197,0.541,0.387,0.54,0.567,0.42
chr9,128203001,128204571,1571,*,6.05,142,767,57126,0.014,0.012,0.017,0.021,0.013,0.016
chr9,137053170,137054508,1339,*,6.047,134,768,57780,0.077,0.038,0.056,0.058,0.072,0.113
chr19,33225290,33227440,2151,*,6.042,171,769,28630,0.097,0.127,0.097,0.135,0.135,0.173
chr12,2052028,2054607,2580,*,6.04,275,770,11689,0.019,0.022,0.026,0.023,0.02,0.038
chr22,39349272,39350842,1571,*,6.035,157,771,38481,0.035,0.043,0.05,0.078,0.059,0.07
chr2,127105652,127107912,2261,*,6.03,192,772,32575,0.036,0.063,0.069,0.071,0.076,0.084
chr19,719706,721184,1479,*,6.029,134,773,26883,0.085,0.098,0.126,0.121,0.106,0.121
chr9,136665089,136666676,1588,*,6.028,180,774,57725,0.039,0.05,0.05,0.058,0.041,0.069
chr1,18629355,18647486,18132,*,6.019,810,775,1039,0.043,0.075,0.086,0.09,0.092,0.088
chr16,56632033,56633814,1782,*,6.019,86,776,21204,0.05,0.106,0.108,0.121,0.14,0.161
chr3,128075413,128077482,2070,*,6.017,169,777,40895,0.077,0.061,0.118,0.097,0.161,0.154
chr1,1433691,1434872,1182,*,6.017,51,778,100,0.292,0.164,0.199,0.223,0.209,0.186
chr19,55440433,55444221,3789,*,6.014,237,779,30132,0.054,0.072,0.08,0.08,0.084,0.105
chr19,18940010,18941805,1796,*,6.01,132,780,28285,0.044,0.031,0.033,0.053,0.044,0.066
chr2,88451240,88453970,2731,*,6.008,216,781,31851,0.03,0.063,0.063,0.081,0.089,0.085
chr16,85749907,85751514,1608,*,6.005,153,782,21964,0.047,0.064,0.059,0.057,0.055,0.099
chr9,97847551,97858487,10937,*,6.002,592,783,56489,0.052,0.095,0.114,0.133,0.127,0.151
chr22,37324407,37325442,1036,*,5.998,74,784,38336,0.077,0.117,0.123,0.112,0.122,0.138
chr9,92806904,92810074,3171,*,5.996,225,785,56343,0.057,0.081,0.087,0.085,0.094,0.101
chr2,231530052,231530112,61,*,5.995,8,786,33889,0.191,0.299,0.373,0.261,0.265,0.213
chr8,23402747,23404454,1708,*,5.994,136,787,53361,0.049,0.04,0.029,0.062,0.053,0.098
chr1,30907577,30909306,1730,*,5.978,183,788,1664,0.041,0.026,0.045,0.033,0.058,0.052
chr15,89813969,89815483,1515,*,5.978,125,789,19180,0.045,0.053,0.066,0.086,0.119,0.094
chr10,129956659,129973291,16633,*,5.977,1143,790,8256,0.038,0.075,0.086,0.101,0.11,0.13
chr16,1989328,1992874,3547,*,5.969,301,791,19736,0.068,0.092,0.103,0.127,0.124,0.128
chr7,27195355,27208200,12846,*,5.965,442,792,50375,0.06,0.089,0.096,0.106,0.11,0.13
chr17,42421624,42423588,1965,*,5.957,159,793,23916,0.059,0.038,0.048,0.047,0.051,0.069
chr1,201480398,201482389,1992,*,5.953,102,794,4546,0.064,0.039,0.053,0.047,0.061,0.091
chr11,47185637,47187760,2124,*,5.95,185,795,9442,0.032,0.043,0.055,0.054,0.057,0.057
chr13,23903176,23904451,1276,*,5.945,84,796,14473,0.106,0.159,0.168,0.201,0.251,0.225
chr11,1748178,1749543,1366,*,5.935,133,797,8624,0.143,0.093,0.115,0.105,0.117,0.175
chr12,53750830,53752242,1413,*,5.932,112,798,12672,0.049,0.043,0.079,0.087,0.089,0.123
chr21,46097596,46099140,1545,*,5.928,168,799,37316,0.057,0.019,0.048,0.025,0.023,0.076
chr19,860374,861164,791,*,5.915,85,800,26906,0.093,0.029,0.062,0.081,0.071,0.089
chr19,1465505,1466088,584,*,5.912,59,801,26991,0.2,0.094,0.31,0.44,0.499,0.16
chr6,157235532,157236870,1339,*,5.897,127,802,49389,0.061,0.041,0.064,0.093,0.11,0.131
chr19,2302391,2303441,1051,*,5.895,70,803,27086,0.109,0.103,0.267,0.206,0.209,0.112
chr1,27575352,27576228,877,*,5.893,102,804,1539,0.071,0.111,0.122,0.228,0.301,0.177
chr14,103102265,103102948,684,*,5.892,87,805,17279,0.095,0.117,0.138,0.204,0.17,0.165
chr22,39685617,39686300,684,*,5.888,74,806,38512,0.069,0.097,0.22,0.453,0.447,0.343
chr17,48036963,48038088,1126,*,5.887,91,807,24184,0.014,0.02,0.017,0.018,0.025,0.02
chr12,49341867,49344439,2573,*,5.887,112,808,12480,0.035,0.09,0.107,0.114,0.139,0.102
chr17,79776740,79779295,2556,*,5.885,210,809,25335,0.03,0.054,0.039,0.075,0.079,0.053
chr12,49089250,49093320,4071,*,5.883,202,810,12464,0.067,0.1,0.105,0.126,0.129,0.147
chr11,45899376,45900608,1233,*,5.878,118,811,9398,0.009,0.024,0.039,0.044,0.052,0.05
chr10,94402195,94404156,1962,*,5.876,185,812,7349,0.011,0.015,0.022,0.023,0.032,0.032
chr14,44912026,44912513,488,*,5.875,61,813,16046,0.08,0.134,0.157,0.193,0.195,0.249
chr8,98973544,98974932,1389,*,5.873,120,814,54445,0.051,0.076,0.072,0.131,0.116,0.147
chr18,45837575,45838135,561,*,5.865,65,815,26223,0.02,0.124,0.054,0.102,0.089,0.058
chr15,45116104,45117428,1325,*,5.862,88,816,18144,0.09,0.115,0.114,0.122,0.126,0.185
chr11,43941935,43945090,3156,*,5.854,283,817,9309,0.014,0.024,0.03,0.032,0.034,0.02
chr22,39240837,39245297,4461,*,5.853,365,818,38466,0.029,0.038,0.04,0.043,0.037,0.024
chr14,99675553,99675657,105,*,5.85,12,819,17111,0.325,0.315,0.354,0.588,0.581,0.477
chr3,128485569,128485836,268,*,5.847,12,820,40905,0.339,0.376,0.39,0.443,0.449,0.401
chr7,29988239,29990205,1967,*,5.839,170,821,50437,0.045,0.062,0.064,0.093,0.09,0.106
chr19,13094610,13100447,5838,*,5.838,326,822,27863,0.048,0.049,0.049,0.064,0.077,0.084
chr11,368195,370213,2019,*,5.837,220,823,8504,0.041,0.044,0.06,0.054,0.059,0.129
chr2,20670326,20672465,2140,*,5.837,162,824,30733,0.08,0.158,0.291,0.53,0.291,0.414
chr1,226547682,226550701,3020,*,5.836,202,825,5136,0.024,0.045,0.042,0.045,0.058,0.043
chr14,102922601,102924072,1472,*,5.832,112,826,17267,0.108,0.121,0.146,0.166,0.175,0.189
chr5,73433611,73452336,18726,*,5.832,792,827,44843,0.042,0.089,0.104,0.117,0.123,0.109
chr10,22334462,22334703,242,*,5.83,32,828,6151,0.101,0.367,0.443,0.497,0.476,0.616
chr16,85610194,85614831,4638,*,5.83,367,829,21956,0.037,0.05,0.058,0.066,0.066,0.058
chr16,71625926,71627277,1352,*,5.829,124,830,21560,0.05,0.054,0.052,0.084,0.114,0.088
chr12,57236048,57237204,1157,*,5.825,51,831,12821,0.145,0.205,0.269,0.314,0.337,0.298
chr17,49993117,49996274,3158,*,5.821,180,832,24314,0.054,0.078,0.076,0.096,0.113,0.101
chr10,101047829,101048691,863,*,5.818,58,833,7546,0.098,0.172,0.21,0.261,0.232,0.236
chr1,47433298,47434612,1315,*,5.816,82,834,2290,0.071,0.278,0.25,0.575,0.656,0.612
chr3,9703726,9705510,1785,*,5.815,128,835,39168,0.076,0.084,0.074,0.131,0.149,0.143
chr1,121395727,121397383,1657,*,5.815,166,836,3300,0.085,0.094,0.11,0.157,0.111,0.179
chr8,22864656,22865957,1302,*,5.809,115,837,53333,0.061,0.048,0.052,0.059,0.084,0.105
chr2,241558512,241559883,1372,*,5.805,168,838,34300,0.046,0.05,0.053,0.067,0.074,0.116
chr2,232350864,232352664,1801,*,5.801,167,839,33925,0.13,0.111,0.174,0.206,0.273,0.157
chr17,17494904,17497141,2238,*,5.798,233,840,23069,0.043,0.039,0.038,0.047,0.042,0.094
chr5,522938,525437,2500,*,5.797,195,841,44011,0.084,0.14,0.095,0.123,0.151,0.17
chr15,93087738,93090179,2442,*,5.794,221,842,19305,0.022,0.035,0.04,0.042,0.037,0.039
chr17,48596170,48598853,2684,*,5.792,167,843,24212,0.066,0.103,0.093,0.087,0.093,0.109
chr2,25131414,25132592,1179,*,5.788,78,844,30786,0.109,0.087,0.166,0.163,0.177,0.153
chr16,675141,676028,888,*,5.786,78,845,19583,0.064,0.097,0.068,0.078,0.101,0.09
chr5,177472485,177473948,1464,*,5.784,160,846,46542,0.033,0.025,0.033,0.034,0.02,0.042
chr2,219551029,219553252,2224,*,5.784,161,847,33705,0.055,0.043,0.077,0.071,0.061,0.105
chr12,49093675,49094926,1252,*,5.78,60,848,12465,0.052,0.072,0.09,0.063,0.07,0.068
chr14,105527518,105527729,212,*,5.773,15,849,17455,0.341,0.455,0.46,0.395,0.484,0.426
chr7,32956853,32958152,1300,*,5.764,120,850,50493,0.066,0.053,0.05,0.08,0.11,0.095
chr1,205454614,205457927,3314,*,5.756,190,851,4722,0.027,0.049,0.054,0.061,0.065,0.056
chr4,48482979,48485085,2107,*,5.755,172,852,42752,0.062,0.088,0.099,0.14,0.117,0.227
chr17,34577416,34583260,5845,*,5.752,352,853,23526,0.04,0.041,0.052,0.05,0.058,0.062
chr19,31348184,31357713,9530,*,5.751,593,854,28584,0.044,0.064,0.074,0.082,0.077,0.076
chr6,137491381,137499383,8003,*,5.751,365,855,49067,0.053,0.083,0.096,0.126,0.117,0.147
chr10,98029236,98031628,2393,*,5.751,214,856,7440,0.035,0.06,0.066,0.061,0.076,0.094
chr20,62218827,62222133,3307,*,5.751,225,857,36122,0.041,0.102,0.079,0.119,0.122,0.083
chr16,66844177,66845247,1071,*,5.737,98,858,21381,0.027,0.061,0.088,0.087,0.138,0.108
chr14,104977730,104978973,1244,*,5.731,131,859,17395,0.041,0.076,0.056,0.092,0.095,0.118
chr10,22334753,22346067,11315,*,5.721,506,860,6152,0.046,0.149,0.158,0.19,0.19,0.153
chr1,231160680,231164059,3380,*,5.718,292,861,5305,0.064,0.099,0.108,0.12,0.135,0.156
chr1,1019178,1021305,2128,*,5.715,225,862,44,0.055,0.019,0.018,0.031,0.016,0.053
chr1,16072975,16074170,1196,*,5.715,108,863,891,0.036,0.058,0.048,0.064,0.065,0.067
chr16,89925419,89926680,1262,*,5.712,107,864,22337,0.047,0.038,0.055,0.062,0.046,0.047
chr11,65899096,65900868,1773,*,5.712,179,865,10036,0.06,0.023,0.022,0.047,0.036,0.067
chr11,64296817,64298542,1726,*,5.706,57,866,9898,0.152,0.171,0.201,0.204,0.215,0.17
chr19,48492837,48494232,1396,*,5.704,121,867,29584,0.068,0.043,0.046,0.059,0.071,0.081
chr12,31589617,31591923,2307,*,5.704,236,868,12267,0.017,0.028,0.021,0.03,0.033,0.028
chr19,49441023,49444008,2986,*,5.704,179,869,29675,0.071,0.118,0.104,0.108,0.11,0.081
chr12,57237903,57244216,6314,*,5.702,374,870,12822,0.05,0.055,0.057,0.064,0.051,0.064
chr1,1419889,1420515,627,*,5.701,92,871,95,0.103,0.121,0.148,0.119,0.183,0.161
chr22,18969890,18971354,1465,*,5.701,138,872,37593,0.062,0.038,0.048,0.04,0.061,0.08
chr19,7918878,7919033,156,*,5.699,10,873,27528,0.397,0.44,0.307,0.522,0.573,0.642
chr1,10888249,10889135,887,*,5.699,88,874,668,0.051,0.055,0.104,0.086,0.102,0.124
chr17,46816842,46820526,3685,*,5.698,187,875,24124,0.043,0.07,0.082,0.094,0.108,0.105
chr17,81536373,81537806,1434,*,5.697,106,876,25484,0.139,0.1,0.165,0.162,0.169,0.191
chr12,132558774,132561533,2760,*,5.691,235,877,14329,0.058,0.062,0.065,0.082,0.077,0.057
chr16,19883069,19886612,3544,*,5.688,216,878,20338,0.033,0.056,0.074,0.093,0.081,0.105
chr20,31587579,31588381,803,*,5.688,76,879,35072,0.034,0.022,0.021,0.042,0.045,0.048
chr5,115169028,115171459,2432,*,5.676,194,880,45187,0.009,0.026,0.026,0.032,0.04,0.03
chr19,5338271,5341457,3187,*,5.675,236,881,27348,0.061,0.061,0.062,0.081,0.094,0.11
chr9,125407827,125408847,1021,*,5.675,109,882,56990,0.043,0.034,0.047,0.059,0.056,0.038
chr9,126682786,126683686,901,*,5.674,73,883,57038,0.052,0.06,0.044,0.067,0.061,0.078
chr6,3226700,3232530,5831,*,5.67,343,884,46839,0.061,0.057,0.062,0.065,0.08,0.109
chr20,49482471,49485013,2543,*,5.67,195,885,35660,0.072,0.148,0.16,0.169,0.173,0.116
chr13,113862919,113864844,1926,*,5.664,187,886,15607,0.041,0.043,0.051,0.052,0.058,0.056
chr6,35213345,35215039,1695,*,5.66,146,887,47827,0.071,0.088,0.109,0.14,0.107,0.125
chr19,7293258,7295181,1924,*,5.657,199,888,27470,0.039,0.036,0.038,0.046,0.044,0.057
chr11,2166873,2166949,77,*,5.654,6,889,8673,0.379,0.245,0.383,0.4,0.215,0.304
chr20,21505077,21525216,20140,*,5.653,1136,890,34792,0.043,0.071,0.076,0.097,0.102,0.115
chr19,1523547,1524555,1009,*,5.652,133,891,27001,0.082,0.113,0.107,0.134,0.115,0.152
chr16,31214742,31217439,2698,*,5.652,183,892,20736,0.065,0.067,0.1,0.093,0.113,0.147
chr10,102229832,102232071,2240,*,5.647,192,893,7603,0.049,0.067,0.062,0.074,0.088,0.069
chr2,85132516,85135556,3041,*,5.643,271,894,31732,0.032,0.049,0.053,0.059,0.061,0.071
chr18,11688772,11690380,1609,*,5.639,152,895,25861,0.031,0.008,0.013,0.031,0.024,0.043
chr1,2655605,2655994,390,*,5.636,10,896,212,0.426,0.345,0.351,0.255,0.306,0.259
chr17,977970,980409,2440,*,5.635,224,897,22402,0.034,0.051,0.062,0.056,0.078,0.041
chr17,75587757,75589829,2073,*,5.633,222,898,25019,0.035,0.055,0.07,0.085,0.09,0.059
chr11,69701881,69706320,4440,*,5.631,291,899,10277,0.043,0.061,0.067,0.064,0.074,0.088
chr7,101299389,101300882,1494,*,5.63,87,900,51702,0.144,0.122,0.147,0.214,0.219,0.275
chr10,21516035,21520483,4449,*,5.623,222,901,6135,0.025,0.03,0.049,0.059,0.061,0.031
chr8,143770163,143772176,2014,*,5.622,188,902,55186,0.088,0.077,0.077,0.083,0.105,0.155
chr16,88430135,88431177,1043,*,5.621,104,903,22168,0.017,0.027,0.038,0.03,0.021,0.025
chr17,44656081,44657452,1372,*,5.62,125,904,24041,0.125,0.15,0.176,0.233,0.225,0.272
chr2,73175449,73178143,2695,*,5.62,171,905,31598,0.056,0.063,0.061,0.07,0.068,0.084
chr2,219521258,219523687,2430,*,5.618,109,906,33700,0.066,0.077,0.116,0.101,0.1,0.097
chr3,57163784,57165873,2090,*,5.611,142,907,40143,0.028,0.023,0.034,0.042,0.043,0.059
chr2,101386516,101388005,1490,*,5.611,132,908,32104,0.026,0.038,0.04,0.041,0.027,0.05
chr11,61752180,61753073,894,*,5.605,101,909,9760,0.041,0.042,0.045,0.041,0.06,0.041
chr12,48000974,48005460,4487,*,5.603,255,910,12429,0.031,0.056,0.068,0.079,0.08,0.084
chr1,2018504,2020072,1569,*,5.601,160,911,140,0.072,0.064,0.07,0.082,0.072,0.119
chr15,77631191,77635289,4099,*,5.6,262,912,18862,0.045,0.066,0.064,0.066,0.07,0.088
chr10,102408700,102409853,1154,*,5.599,112,913,7609,0.038,0.034,0.043,0.049,0.037,0.037
chr3,53845611,53846845,1235,*,5.599,146,914,40087,0.026,0.026,0.038,0.046,0.062,0.067
chr7,150340482,150341841,1360,*,5.598,92,915,52393,0.134,0.118,0.169,0.231,0.294,0.359
chr14,105411046,105411740,695,*,5.594,76,916,17440,0.057,0.073,0.085,0.104,0.107,0.092
chr3,12993190,12995286,2097,*,5.592,216,917,39290,0.045,0.022,0.031,0.056,0.056,0.064
chr2,232926335,232929142,2808,*,5.588,259,918,33956,0.041,0.095,0.11,0.125,0.13,0.115
chr17,74852199,74852266,68,*,5.587,7,919,24957,0.218,0.338,0.195,0.364,0.243,0.218
chr12,48969766,48974443,4678,*,5.585,191,920,12454,0.074,0.16,0.202,0.168,0.211,0.183
chr19,588097,588995,899,*,5.584,50,921,26859,0.165,0.111,0.146,0.097,0.132,0.149
chr6,30006360,30007691,1332,*,5.583,109,922,47541,0.049,0.033,0.064,0.046,0.064,0.101
chr11,72243388,72246294,2907,*,5.583,161,923,10398,0.081,0.141,0.169,0.171,0.185,0.184
chr12,54588102,54589468,1367,*,5.583,94,924,12728,0.084,0.072,0.085,0.11,0.103,0.142
chr11,554713,556639,1927,*,5.582,212,925,8518,0.031,0.037,0.045,0.067,0.054,0.075
chr7,129188224,129189774,1551,*,5.58,143,926,52006,0.044,0.044,0.042,0.065,0.056,0.1
chr16,700425,701678,1254,*,5.576,102,927,19590,0.117,0.096,0.13,0.122,0.135,0.151
chr5,176809184,176811493,2310,*,5.576,210,928,46502,0.021,0.029,0.033,0.045,0.034,0.05
chr16,85168800,85170334,1535,*,5.574,235,929,21910,0.055,0.073,0.073,0.076,0.056,0.087
chr19,8333160,8336475,3316,*,5.574,310,930,27558,0.123,0.161,0.158,0.187,0.215,0.226
chr14,101456430,101459790,3361,*,5.572,297,931,17203,0.062,0.113,0.116,0.139,0.173,0.152
chr1,245152853,245157482,4630,*,5.571,368,932,5539,0.018,0.029,0.037,0.039,0.044,0.033
chr6,37695871,37699466,3596,*,5.57,322,933,47945,0.015,0.023,0.026,0.032,0.029,0.028
chr16,58462941,58465606,2666,*,5.569,239,934,21306,0.031,0.057,0.06,0.072,0.073,0.056
chr16,164130,167816,3687,*,5.566,261,935,19547,0.027,0.066,0.064,0.075,0.08,0.08
chr19,39497866,39499615,1750,*,5.562,107,936,28959,0.029,0.015,0.036,0.044,0.046,0.062
chr17,4583829,4585186,1358,*,5.555,145,937,22593,0.028,0.039,0.028,0.056,0.067,0.053
chr4,122826478,122828445,1968,*,5.555,167,938,43380,0.029,0.024,0.025,0.037,0.032,0.053
chr17,81400940,81402207,1268,*,5.552,35,939,25465,0.251,0.285,0.292,0.442,0.371,0.397
chr17,42180121,42181655,1535,*,5.55,109,940,23899,0.038,0.058,0.062,0.109,0.103,0.114
chr2,127218516,127221372,2857,*,5.545,191,941,32577,0.037,0.091,0.095,0.105,0.104,0.084
chr20,63252882,63255731,2850,*,5.545,215,942,36242,0.069,0.069,0.085,0.086,0.106,0.086
chr2,231925207,231927495,2289,*,5.544,204,943,33914,0.02,0.079,0.071,0.09,0.076,0.034
chr16,88382720,88384732,2013,*,5.544,191,944,22165,0.056,0.055,0.059,0.053,0.084,0.088
chr17,48581540,48582640,1101,*,5.543,90,945,24208,0.132,0.144,0.164,0.216,0.218,0.215
chr13,111113909,111116596,2688,*,5.538,242,946,15489,0.031,0.035,0.057,0.055,0.084,0.054
chr17,38418711,38419906,1196,*,5.534,87,947,23663,0.038,0.049,0.083,0.071,0.079,0.05
chr17,1709439,1711206,1768,*,5.533,114,948,22456,0.078,0.053,0.047,0.071,0.095,0.124
chr2,11481735,11484088,2354,*,5.526,190,949,30591,0.042,0.067,0.074,0.092,0.103,0.114
chr5,176817142,176818977,1836,*,5.524,115,950,46504,0.045,0.047,0.075,0.06,0.065,0.081
chr8,98937694,98951823,14130,*,5.523,611,951,54443,0.03,0.076,0.079,0.107,0.106,0.116
chr10,68559835,68562261,2427,*,5.516,147,952,6824,0.063,0.102,0.093,0.108,0.105,0.089
chr1,235648411,235651410,3000,*,5.514,266,953,5410,0.023,0.045,0.052,0.067,0.063,0.064
chr3,185822742,185826403,3662,*,5.513,363,954,41572,0.02,0.018,0.024,0.034,0.033,0.036
chr15,90884130,90884735,606,*,5.51,54,955,19236,0.05,0.142,0.201,0.189,0.248,0.214
chr5,132825421,132826206,786,*,5.507,93,956,45388,0.029,0.065,0.072,0.085,0.122,0.096
chr15,83206544,83208562,2019,*,5.506,221,957,19021,0.018,0.03,0.032,0.041,0.04,0.045
chr1,156420063,156423414,3352,*,5.506,173,958,3829,0.043,0.067,0.069,0.089,0.102,0.104
chr7,908690,908731,42,*,5.505,7,959,49829,0.696,0.451,0.416,0.228,0.155,0.546
chr15,74127529,74137465,9937,*,5.504,651,960,18728,0.07,0.1,0.115,0.116,0.13,0.152
chr2,73202155,73203730,1576,*,5.503,135,961,31599,0.055,0.056,0.084,0.077,0.09,0.15
chr17,43906241,43908499,2259,*,5.498,117,962,23997,0.043,0.082,0.1,0.108,0.105,0.094
chr2,85752920,85755857,2938,*,5.498,237,963,31767,0.015,0.037,0.034,0.042,0.036,0.043
chr10,111075727,111078320,2594,*,5.492,212,964,7780,0.055,0.093,0.109,0.115,0.114,0.091
chr16,693678,696143,2466,*,5.488,222,965,19588,0.041,0.098,0.14,0.173,0.113,0.094
chr5,133610534,133612965,2432,*,5.486,229,966,45409,0.045,0.054,0.051,0.056,0.061,0.071
chr16,1335440,1335858,419,*,5.48,10,967,19685,0.35,0.258,0.189,0.306,0.158,0.237
chr3,184601445,184602738,1294,*,5.479,76,968,41544,0.054,0.059,0.097,0.119,0.117,0.107
chr15,68577549,68579798,2250,*,5.478,199,969,18576,0.066,0.074,0.075,0.089,0.081,0.091
chr19,18224063,18226590,2528,*,5.477,191,970,28221,0.082,0.105,0.101,0.113,0.119,0.124
chr2,65435618,65437125,1508,*,5.476,120,971,31433,0.027,0.019,0.017,0.03,0.033,0.025
chr17,60138773,60140340,1568,*,5.476,117,972,24543,0.117,0.165,0.125,0.173,0.197,0.203
chr7,101178814,101181027,2214,*,5.474,126,973,51691,0.07,0.081,0.103,0.111,0.099,0.116
chr10,101062443,101063828,1386,*,5.471,86,974,7550,0.058,0.086,0.109,0.148,0.139,0.133
chr10,133237938,133238289,352,*,5.469,22,975,8437,0.084,0.432,0.394,0.513,0.568,0.38
chr9,137161237,137163099,1863,*,5.467,146,976,57799,0.114,0.342,0.421,0.429,0.409,0.373
chr12,48788360,48790035,1676,*,5.465,121,977,12443,0.046,0.043,0.046,0.071,0.06,0.097
chr9,137311536,137311710,175,*,5.465,11,978,57828,0.17,0.164,0.095,0.261,0.068,0.132
chr9,93944570,93956219,11650,*,5.459,606,979,56389,0.053,0.082,0.099,0.105,0.113,0.114
chr20,46010104,46011425,1322,*,5.459,87,980,35519,0.067,0.117,0.154,0.145,0.142,0.161
chr11,47593401,47594620,1220,*,5.457,55,981,9467,0.041,0.069,0.064,0.102,0.103,0.132
chr1,156858994,156861433,2440,*,5.457,176,982,3873,0.03,0.062,0.062,0.091,0.081,0.098
chr14,105086803,105088195,1393,*,5.45,120,983,17407,0.066,0.033,0.033,0.04,0.046,0.119
chr15,72197166,72197905,740,*,5.449,93,984,18671,0.052,0.094,0.108,0.12,0.14,0.194
chr17,50199578,50201904,2327,*,5.448,147,985,24337,0.082,0.117,0.107,0.116,0.136,0.142
chr9,38066958,38070115,3158,*,5.448,316,986,55739,0.019,0.034,0.037,0.051,0.044,0.044
chr11,130427192,130429063,1872,*,5.447,167,987,11480,0.046,0.066,0.069,0.079,0.101,0.087
chr2,170812951,170824087,11137,*,5.445,593,988,33059,0.074,0.082,0.103,0.091,0.093,0.126
chr11,61507881,61509856,1976,*,5.441,220,989,9736,0.019,0.015,0.021,0.03,0.022,0.038
chr10,75399824,75405591,5768,*,5.437,450,990,7039,0.1,0.064,0.082,0.078,0.083,0.15
chr5,171418520,171421341,2822,*,5.433,263,991,46295,0.028,0.039,0.058,0.047,0.056,0.048
chr22,37018745,37020481,1737,*,5.432,153,992,38299,0.065,0.056,0.054,0.068,0.064,0.083
chr9,136094068,136095999,1932,*,5.432,248,993,57648,0.044,0.024,0.035,0.031,0.031,0.036
chr19,4277939,4280424,2486,*,5.427,153,994,27272,0.052,0.075,0.085,0.088,0.114,0.102
chr20,64101863,64103015,1153,*,5.426,87,995,36349,0.038,0.04,0.05,0.073,0.04,0.069
chr19,39264076,39265623,1548,*,5.425,134,996,28944,0.093,0.168,0.171,0.168,0.186,0.246
chr2,86788927,86791731,2805,*,5.423,203,997,31800,0.07,0.093,0.106,0.123,0.119,0.152
chr22,29306035,29307412,1378,*,5.42,109,998,38028,0.096,0.042,0.041,0.062,0.053,0.108
chr14,105478883,105479160,278,*,5.419,25,999,17446,0.345,0.305,0.439,0.249,0.307,0.202
chr16,2968380,2970587,2208,*,5.416,200,1000,19821,0.045,0.038,0.053,0.04,0.052,0.052
